27C,45C,62C,80C,98C,115C,133C,151C,169C,186C,204C,222C,240C,257C,275C,293C,310C,328C,346C,364C,381C,399C,417C,434C,452C,470C,488C,505C,523C,541C,558C,576C,594C,612C,629C,647C,665C,683C,700C,718C,736C,753C,771C,789C,807C,824C,842C,860C,877C,895C,913C,931C,948C,966C,984C,1002C,1019C,1037C,1055C,1072C,1090C,1108C,1126C,1143C,1161C,1179C,1196C,1214C,1232C,1250C,1267C,1285C,1303C,1321C,1338C,1356C,1374C,1391C,1409C,1427C,P_bar
0.0,0.0,0.0,0.0,0.0,0.0,0.0,0.0,0.0,0.0,0.0,0.0,0.0,0.0,0.0,0.0,0.0,0.0,0.0,0.0,0.0,0.0,0.0,0.0,0.0,0.0,0.0,0.11590225767142481,0.1942506971244464,0.20207259421636903,0.20550750189064476,0.3061590000854672,0.05567764362829987,0.13892443989449815,0.1011599393699572,0.08082903768654742,0.0,0.0,0.0,0.0,0.0,0.0,0.0,0.0,0.0,0.0,0.0,0.0,0.0,0.0,0.0,0.0,0.0,0.0,0.0,0.0,0.0,0.0,0.0,0.0,0.0,0.0,0.0,0.0,0.0,0.0,0.0,0.0,0.0,0.0,0.0,0.0,0.0,0.0,NaN,NaN,NaN,NaN,NaN,NaN,1000.0
0.0,0.0,0.0,0.0,0.0,0.0,0.0,0.0,0.0,0.0,0.0,0.0,0.0,0.0,0.0,0.0,0.0,0.0,0.0,0.0,0.0,0.0,0.0,0.0,0.0,0.0,0.0,0.0,0.05507570547286087,0.19425069712444593,0.20207259421636903,0.20550750189064476,0.20502032419575716,0.11015141094572214,0.13076696830622028,0.14468356276140498,0.09814954576223633,0.040414518843273455,0.0,0.0,0.0,0.0,0.0,0.0,0.0,0.0,0.0,0.0,0.0,0.0,0.0,0.0,0.0,0.0,0.0,0.0,0.0,0.0,0.0,0.0,0.0,0.0,0.0,0.0,0.0,0.0,0.0,0.0,0.0,0.0,0.0,0.0,0.0,0.0,NaN,NaN,NaN,NaN,NaN,NaN,2000.0
0.0,0.0,0.0,0.0,0.0,0.0,0.0,0.0,0.0,0.0,0.0,0.0,0.0,0.0,0.0,0.0,0.0,0.0,0.0,0.0,0.0,0.0,0.0,0.0,0.0,0.0,0.0,0.0,0.0,0.0,0.14294521094927679,0.20207259421636897,0.21501937897160192,0.21501937897160192,0.24704925284917048,0.1950213663508013,0.01527525231651914,0.03785938897200184,0.08386497083606086,0.08082903768654742,0.0,0.0,0.0,0.0,0.0,0.0,0.0,0.0,0.0,0.0,0.0,0.0,0.0,0.0,0.0,0.0,0.0,0.0,0.0,0.0,0.0,0.0,0.0,0.0,0.0,0.0,0.0,0.0,0.0,0.0,0.0,0.0,0.0,0.0,NaN,NaN,NaN,NaN,NaN,NaN,3000.0
0.0,0.0,0.0,0.0,0.0,0.0,0.0,0.0,0.0,0.0,0.0,0.0,0.0,0.0,0.0,0.0,0.0,0.0,0.0,0.0,0.0,0.0,0.0,0.0,0.0,0.0,0.0,0.0,0.0,0.0,0.0,0.0351188458428426,0.2066397831977183,0.21007935008784992,0.22030282189144407,0.2914332399252586,0.10440306508910562,0.03000000000000025,0.03000000000000025,0.015275252316519626,0.04358898943540682,0.08962886439832515,0.07505553499465129,0.0,0.0,0.0,0.0,0.0,0.0,0.0,0.0,0.0,0.0,0.0,0.0,0.0,0.0,0.0,0.0,0.0,0.0,0.0,0.0,0.0,0.0,0.0,0.0,0.0,0.0,0.0,0.0,0.0,0.0,0.0,NaN,NaN,NaN,NaN,NaN,NaN,4000.0
0.0,0.0,0.0,0.0,0.0,0.0,0.0,0.0,0.0,0.0,0.0,0.0,0.0,0.0,0.0,0.0,0.0,0.0,0.0,0.0,0.0,0.0,0.0,0.0,0.0,0.0,0.0,0.0,0.0,0.0,0.0,0.0,0.0,0.21031722072463138,0.22516660498395413,0.22120880030716056,0.275378527364305,0.17097758137642902,0.03000000000000025,0.025166114784235766,0.030550504633038766,0.020816659994661382,0.02516611478423618,0.04358898943540662,0.07571877794400388,0.051961524227066236,0.0,0.0,0.0,0.0,0.0,0.0,0.0,0.0,0.0,0.0,0.0,0.0,0.0,0.0,0.0,0.0,0.0,0.0,0.0,0.0,0.0,0.0,0.0,0.0,0.0,0.0,0.0,0.0,NaN,NaN,NaN,NaN,NaN,NaN,5000.0
0.0,0.0,0.0,0.0,0.0,0.0,0.0,0.0,0.0,0.0,0.0,0.0,0.0,0.0,0.0,0.0,0.0,0.0,0.0,0.0,0.0,0.0,0.0,0.0,0.0,0.0,0.0,0.0,0.0,0.0,0.0,0.0,0.0,0.0,0.21501937897160192,0.22546248764114457,0.22649503305812235,0.1824828759089464,0.0351188458428426,0.029999999999999805,0.025166114784235766,0.029999999999999805,0.030550504633039155,0.03000000000000025,0.030550504633039155,0.015275252316519529,0.04358898943540682,0.08082903768654742,0.06928203230275515,0.028867513459481187,0.0,0.0,0.0,0.0,0.0,0.0,0.0,0.0,0.0,0.0,0.0,0.0,0.0,0.0,0.0,0.0,0.0,0.0,0.0,0.0,0.0,0.0,0.0,0.0,NaN,NaN,NaN,NaN,NaN,NaN,6000.0
0.0,0.0,0.0,0.0,0.0,0.0,0.0,0.0,0.0,0.0,0.0,0.0,0.0,0.0,0.0,0.0,0.0,0.0,0.0,0.0,0.0,0.0,0.0,0.0,0.0,0.0,0.0,0.0,0.0,0.0,0.0,0.0,0.0,0.0,0.22338307903688706,0.2200757445365875,0.2254624876411446,0.15502687938977977,0.1686218649325568,0.030550504633038766,0.025166114784235707,0.030550504633039155,0.02516611478423618,0.03000000000000025,0.026457513110645845,0.030550504633038766,0.029999999999999805,0.030550504633038766,0.02309401076758505,0.03055050463303877,0.06999999999999984,0.08082903768654742,0.023094010767585053,0.0,0.0,0.0,0.0,0.0,0.0,0.0,0.0,0.0,0.0,0.0,0.0,0.0,0.0,0.0,0.0,0.0,0.0,0.0,0.0,0.0,NaN,NaN,NaN,NaN,NaN,NaN,7000.0
0.0,0.0,0.0,0.0,0.0,0.0,0.0,0.0,0.0,0.0,0.0,0.0,0.0,0.0,0.0,0.0,0.0,0.0,0.0,0.0,0.0,0.0,0.0,0.0,0.0,0.0,0.0,0.0,0.0,0.0,0.0,0.0,0.0,0.0,0.0,0.3469870314579495,0.2254624876411448,0.146401275039985,0.13316656236958802,0.04041451884327382,0.0351188458428426,0.030550504633038766,0.026457513110645845,0.02309401076758505,0.020816659994661382,0.02309401076758505,0.02309401076758505,0.02645751311064618,0.02645751311064618,0.030550504633039155,0.026457513110645845,0.026457513110645845,0.02309401076758505,0.041633319989322765,0.06350852961085851,0.046188021535170105,0.0,0.0,0.0,0.0,0.0,0.0,0.0,0.0,0.0,0.0,0.0,0.0,0.0,0.0,0.0,0.0,0.0,0.0,NaN,NaN,NaN,NaN,NaN,NaN,8000.0
0.0,0.0,0.0,0.0,0.0,0.0,0.0,0.0,0.0,0.0,0.0,0.0,0.0,0.0,0.0,0.0,0.0,0.0,0.0,0.0,0.0,0.0,0.0,0.0,0.0,0.0,0.0,0.0,0.0,0.0,0.0,0.0,0.0,0.0,0.051961524227066236,0.2497999199359358,0.5426171148547871,0.24006943440041117,0.270061721340388,0.045092497528228866,0.045092497528228866,0.045092497528228866,0.045092497528228866,0.045092497528228866,0.045092497528228866,0.04999999999999982,0.05033222956847147,0.045092497528228866,0.045092497528228866,0.045092497528228866,0.040000000000000036,0.040000000000000036,0.03511884584284218,0.030550504633038766,0.030550504633038766,0.026457513110645845,0.02309401076758505,0.030550504633039155,0.040414518843273455,0.034641016151377324,0.0,0.0,0.0,0.0,0.0,0.0,0.0,0.0,0.0,0.0,0.0,0.0,0.0,0.0,NaN,NaN,NaN,NaN,NaN,NaN,9000.0
0.0,0.0,0.0,0.0,0.0,0.0,0.0,0.0,0.0,0.0,0.0,0.0,0.0,0.0,0.0,0.0,0.0,0.0,0.0,0.0,0.0,0.0,0.0,0.0,0.0,0.0,0.0,0.0,0.0,0.0,0.0,0.0,0.0,0.0,0.18248287590894657,0.34078341117685473,0.3950105483823605,0.3523256069793017,0.2211334438749598,0.026457513110645845,0.026457513110645845,0.026457513110645845,0.026457513110645845,0.026457513110645845,0.026457513110645845,0.026457513110645845,0.026457513110645845,0.026457513110645845,0.026457513110645845,0.026457513110645845,0.026457513110645845,0.026457513110645845,0.028867513459481187,0.028867513459481187,0.028867513459481187,0.028867513459481187,0.028867513459481187,0.028867513459481187,0.028867513459481187,0.023094010767585053,0.017320508075688402,0.01154700538379227,0.005773502691896135,0.0,0.0,0.0,0.0,0.0,0.0,0.0,0.0,0.0,0.0,0.0,NaN,NaN,NaN,NaN,NaN,NaN,10000.0
0.0,0.0,0.0,0.0,0.0,0.0,0.0,0.0,0.0,0.0,0.0,0.0,0.0,0.0,0.0,0.0,0.0,0.0,0.0,0.0,0.0,0.0,0.0,0.0,0.0,0.0,0.0,0.0,0.0,0.0,0.0,0.0,0.0,0.0,0.1965536398374076,0.3350124375800593,0.519839718887787,0.4701418225741392,0.16258331197676287,0.028867513459481187,0.0,0.0,0.0,0.0,0.0,0.0,0.0,0.0,0.0,0.0,0.0,0.0,0.0,0.0,0.0,0.0,0.0,0.0,0.0,0.0,0.0,0.0,0.0,0.0,0.0,0.0,0.0,0.0,0.0,0.0,0.0,0.0,0.0,0.0,NaN,NaN,NaN,NaN,NaN,NaN,11000.0
0.0,0.0,0.0,0.0,0.0,0.0,0.0,0.0,0.0,0.0,0.0,0.0,0.0,0.0,0.0,0.0,0.0,0.0,0.0,0.0,0.0,0.0,0.0,0.0,0.0,0.0,0.0,0.0,0.0,0.0,0.0,0.0,0.0,0.0,0.23579652245103194,0.3384277372399213,0.5254839039716944,0.5564470624716541,0.26210684844162296,0.05773502691896237,0.0,0.0,0.0,0.0,0.0,0.0,0.0,0.0,0.0,0.0,0.0,0.0,0.0,0.0,0.0,0.0,0.0,0.0,0.0,0.0,0.0,0.0,0.0,0.0,0.0,0.0,0.0,0.0,0.0,0.0,0.0,0.0,0.0,0.0,NaN,NaN,NaN,NaN,NaN,NaN,12000.0
0.0,0.0,0.0,0.0,0.0,0.0,0.0,0.0,0.0,0.0,0.0,0.0,0.0,0.0,0.0,0.0,0.0,0.0,0.0,0.0,0.0,0.0,0.0,0.0,0.0,0.0,0.0,0.0,0.0,0.0,0.0,0.0,0.0,0.17897858344878376,0.27622454633866256,0.3671511950137162,0.52373657500694,0.4908496035786658,0.2514623895005639,0.09814954576223633,0.0,0.0,0.0,0.0,0.0,0.0,0.0,0.0,0.0,0.0,0.0,0.0,0.0,0.0,0.0,0.0,0.0,0.0,0.0,0.0,0.0,0.0,0.0,0.0,0.0,0.0,0.0,0.0,0.0,0.0,0.0,0.0,0.0,0.0,NaN,NaN,NaN,NaN,NaN,NaN,13000.0
0.0,0.0,0.0,0.0,0.0,0.0,0.0,0.0,0.0,0.0,0.0,0.0,0.0,0.0,0.0,0.0,0.0,0.0,0.0,0.0,0.0,0.0,0.0,0.0,0.0,0.0,0.0,0.0,0.0,0.0,0.0,0.0,0.0,0.2020725942163688,0.31999999999999984,0.39627431576287336,0.8140229316999205,0.18717193521821965,0.21633307652783917,0.13279056191361366,0.0,0.0,0.0,0.0,0.0,0.0,0.0,0.0,0.0,0.0,0.0,0.0,0.0,0.0,0.0,0.0,0.0,0.0,0.0,0.0,0.0,0.0,0.0,0.0,0.0,0.0,0.0,0.0,0.0,0.0,0.0,0.0,0.0,0.0,NaN,NaN,NaN,NaN,NaN,NaN,14000.0
0.0,0.0,0.0,0.0,0.0,0.0,0.0,0.0,0.0,0.0,0.0,0.0,0.0,0.0,0.0,0.0,0.0,0.0,0.0,0.0,0.0,0.0,0.0,0.0,0.0,0.0,0.0,0.0,0.0,0.0,0.0,0.0,0.0,0.23302360395462096,0.3200000000000003,0.8013322240702251,0.2116601048851671,0.18770544300401498,0.17349351572897448,0.20207259421636883,0.0,0.0,0.0,0.0,0.0,0.0,0.0,0.0,0.0,0.0,0.0,0.0,0.0,0.0,0.0,0.0,0.0,0.0,0.0,0.0,0.0,0.0,0.0,0.0,0.0,0.0,0.0,0.0,0.0,0.0,0.0,0.0,0.0,0.0,NaN,NaN,NaN,NaN,NaN,NaN,15000.0
0.0,0.0,0.0,0.0,0.0,0.0,0.0,0.0,0.0,0.0,0.0,0.0,0.0,0.0,0.0,0.0,0.0,0.0,0.0,0.0,0.0,0.0,0.0,0.0,0.0,0.0,0.0,0.0,0.0,0.0,0.0,0.0,0.16743157806499148,0.272213151776324,0.5064911976859354,0.7678758580222023,0.24433583445741255,0.2025668613898467,0.17009801096230737,0.2306512518934157,0.0,0.0,0.0,0.0,0.0,0.0,0.0,0.0,0.0,0.0,0.0,0.0,0.0,0.0,0.0,0.0,0.0,0.0,0.0,0.0,0.0,0.0,0.0,0.0,0.0,0.0,0.0,0.0,0.0,0.0,0.0,0.0,0.0,0.0,NaN,NaN,NaN,NaN,NaN,NaN,16000.0
0.0,0.0,0.0,0.0,0.0,0.0,0.0,0.0,0.0,0.0,0.0,0.0,0.0,0.0,0.0,0.0,0.0,0.0,0.0,0.0,0.0,0.0,0.0,0.0,0.0,0.0,0.0,0.0,0.0,0.0,0.0,0.11547005383792526,0.20647840887931437,0.31564748269760257,0.9253647929330358,0.45508241011931,0.23755701070129093,0.2254624876411446,0.17349351572897442,0.2651414716712568,0.0,0.0,0.0,0.0,0.0,0.0,0.0,0.0,0.0,0.0,0.0,0.0,0.0,0.0,0.0,0.0,0.0,0.0,0.0,0.0,0.0,0.0,0.0,0.0,0.0,0.0,0.0,0.0,0.0,0.0,0.0,0.0,0.0,0.0,NaN,NaN,NaN,NaN,NaN,NaN,17000.0
0.0,0.0,0.0,0.0,0.0,0.0,0.0,0.0,0.0,0.0,0.0,0.0,0.0,0.0,0.0,0.0,0.0,0.0,0.0,0.0,0.0,0.0,0.0,0.0,0.0,0.0,0.0,0.0,0.0,0.0,0.0,0.15011106998930257,0.24684678108764802,0.6950539547402056,0.5781291666516519,0.25146238950056354,0.22278539748675916,0.27221315177632394,0.17953644012660278,0.2759226944876652,0.0,0.0,0.0,0.0,0.0,0.0,0.0,0.0,0.0,0.0,0.0,0.0,0.0,0.0,0.0,0.0,0.0,0.0,0.0,0.0,0.0,0.0,0.0,0.0,0.0,0.0,0.0,0.0,0.0,0.0,0.0,0.0,0.0,0.0,NaN,NaN,NaN,NaN,NaN,NaN,18000.0
0.0,0.0,0.0,0.0,0.0,0.0,0.0,0.0,0.0,0.0,0.0,0.0,0.0,0.0,0.0,0.0,0.0,0.0,0.0,0.0,0.0,0.0,0.0,0.0,0.0,0.0,0.0,0.0,0.0,0.0,0.08082903768654742,0.19924858845171262,0.3377869150810907,0.774101629848002,0.24090108620206208,0.2571640202931454,0.19974984355438136,0.2816025568065741,0.18583146486355115,0.28160255680657453,0.0,0.0,0.0,0.0,0.0,0.0,0.0,0.0,0.0,0.0,0.0,0.0,0.0,0.0,0.0,0.0,0.0,0.0,0.0,0.0,0.0,0.0,0.0,0.0,0.0,0.0,0.0,0.0,0.0,0.0,0.0,0.0,0.0,0.0,NaN,NaN,NaN,NaN,NaN,NaN,19000.0
0.0,0.0,0.0,0.0,0.0,0.0,0.0,0.0,0.0,0.0,0.0,0.0,0.0,0.0,0.0,0.0,0.0,0.0,0.0,0.0,0.0,0.0,0.0,0.0,0.0,0.0,0.0,0.0,0.0,0.0,0.13856406460551032,0.2362907813126306,0.9801530492734283,0.420039680665212,0.24331050121192874,0.2627419519858472,0.18556220879622404,0.2351595203260966,0.18583146486355115,0.2853652630109932,0.0,0.0,0.0,0.0,0.0,0.0,0.0,0.0,0.0,0.0,0.0,0.0,0.0,0.0,0.0,0.0,0.0,0.0,0.0,0.0,0.0,0.0,0.0,0.0,0.0,0.0,0.0,0.0,0.0,0.0,0.0,0.0,0.0,0.0,NaN,NaN,NaN,NaN,NaN,NaN,20000.0
0.0,0.0,0.0,0.0,0.0,0.0,0.0,0.0,0.0,0.0,0.0,0.0,0.0,0.0,0.0,0.0,0.0,0.0,0.0,0.0,0.0,0.0,0.0,0.0,0.0,0.0,0.0,0.0,0.0,0.0,0.19052558883257653,1.1624256248609344,0.42394968254892385,0.23755701070129068,0.24785748593361753,0.2627419519858475,0.17578395831246965,0.2088061301782105,0.18583146486355115,0.31342197327777316,0.0,0.0,0.0,0.0,0.0,0.0,0.0,0.0,0.0,0.0,0.0,0.0,0.0,0.0,0.0,0.0,0.0,0.0,0.0,0.0,0.0,0.0,0.0,0.0,0.0,0.0,0.0,0.0,0.0,0.0,0.0,0.0,0.0,0.0,NaN,NaN,NaN,NaN,NaN,NaN,21000.0
0.0,0.0,0.0,0.0,0.0,0.0,0.0,0.0,0.0,0.0,0.0,0.0,0.0,0.0,0.0,0.0,0.0,0.0,0.0,0.0,0.0,0.0,0.0,0.0,0.0,0.0,0.0,0.0,0.0,0.0,0.8911976959874468,0.3800000000000001,0.23094010767585052,0.24090108620206233,0.27428695436227624,0.26652079343520924,0.19553345834749955,0.2088061301782105,0.18583146486355115,0.31342197327777355,0.0,0.0,0.0,0.0,0.0,0.0,0.0,0.0,0.0,0.0,0.0,0.0,0.0,0.0,0.0,0.0,0.0,0.0,0.0,0.0,0.0,0.0,0.0,0.0,0.0,0.0,0.0,0.0,0.0,0.0,0.0,0.0,0.0,0.0,NaN,NaN,NaN,NaN,NaN,NaN,22000.0
0.0,0.0,0.0,0.0,0.0,0.0,0.0,0.0,0.0,0.0,0.0,0.0,0.0,0.0,0.0,0.0,0.0,0.0,0.0,0.0,0.0,0.0,0.0,0.0,0.0,0.0,0.0,0.0,0.0,0.39878983604567114,0.4140450861118064,0.32316146634976967,0.23094010767585052,0.24090108620206196,0.272213151776324,0.2396525262402491,0.2821347195933181,0.2088061301782105,0.18583146486355115,0.3370954365359064,0.0,0.0,0.0,0.0,0.0,0.0,0.0,0.0,0.0,0.0,0.0,0.0,0.0,0.0,0.0,0.0,0.0,0.0,0.0,0.0,0.0,0.0,0.0,0.0,0.0,0.0,0.0,0.0,0.0,0.0,0.0,0.0,0.0,0.0,NaN,NaN,NaN,NaN,NaN,NaN,23000.0
0.0,0.0,0.0,0.0,0.0,0.0,0.0,0.0,0.0,0.0,0.0,0.0,0.0,0.0,0.0,0.0,0.0,0.0,0.0,0.0,0.0,0.0,0.0,0.0,0.0,0.0,0.0,0.17320508075688762,0.35218366420567176,0.3874274125562103,0.39501054838236066,0.32593455375785685,0.23115651263447778,0.24433583445741225,0.2570992026436487,0.2066397831977184,0.27736858750286264,0.2088061301782105,0.18583146486355115,0.32449961479175876,0.0,0.0,0.0,0.0,0.0,0.0,0.0,0.0,0.0,0.0,0.0,0.0,0.0,0.0,0.0,0.0,0.0,0.0,0.0,0.0,0.0,0.0,0.0,0.0,0.0,0.0,0.0,0.0,0.0,0.0,0.0,0.0,0.0,0.0,NaN,NaN,NaN,NaN,NaN,NaN,24000.0
0.0,0.0,0.0,0.0,0.0,0.0,0.0,0.0,0.0,0.0,0.0,0.0,0.0,0.0,0.0,0.0,0.0,0.0,0.0,0.0,0.0,0.0,0.0,0.0,0.0,0.0,0.0,0.19399312702601942,0.3477067730142741,0.38175035472587737,0.4340506882842142,0.30369941279714935,0.23692474191889143,0.24785748593361753,0.2610236260060253,0.16802777548171413,0.2088061301782105,0.2088061301782105,0.18583146486355115,0.31214312956291906,0.0,0.0,0.0,0.0,0.0,0.0,0.0,0.0,0.0,0.0,0.0,0.0,0.0,0.0,0.0,0.0,0.0,0.0,0.0,0.0,0.0,0.0,0.0,0.0,0.0,0.0,0.0,0.0,0.0,0.0,0.0,0.0,0.0,0.0,NaN,NaN,NaN,NaN,NaN,NaN,25000.0
0.0,0.0,0.0,0.0,0.0,0.0,0.0,0.0,0.0,0.0,0.0,0.0,0.0,0.0,0.0,0.0,0.0,0.0,0.0,0.0,0.0,0.0,0.0,0.0,0.0,0.0,0.0,0.26962937525425545,0.3614323357605585,0.3875994496040124,0.39501054838236066,0.3134219732777734,0.23430749027719955,0.25146238950056404,0.2551470164434612,0.19553345834749986,0.2088061301782105,0.2088061301782105,0.18583146486355115,0.3023794525647091,0.0,0.0,0.0,0.0,0.0,0.0,0.0,0.0,0.0,0.0,0.0,0.0,0.0,0.0,0.0,0.0,0.0,0.0,0.0,0.0,0.0,0.0,0.0,0.0,0.0,0.0,0.0,0.0,0.0,0.0,0.0,0.0,0.0,0.0,NaN,NaN,NaN,NaN,NaN,NaN,26000.0
0.0,0.0,0.0,0.0,0.0,0.0,0.0,0.0,0.0,0.0,0.0,0.0,0.0,0.0,0.0,0.0,0.0,0.0,0.0,0.0,0.0,0.0,0.0,0.0,0.0,0.0,0.0,0.3362043029667128,0.3515679166249387,0.37806525010020875,0.39323445084749803,0.31224989991991997,0.2375570107012913,0.2551470164434613,0.21385353243127248,0.3044667469527666,0.2088061301782105,0.2088061301782105,0.18583146486355115,0.2956912804486011,0.06350852961085851,0.0,0.0,0.0,0.0,0.0,0.0,0.0,0.0,0.0,0.0,0.0,0.0,0.0,0.0,0.0,0.0,0.0,0.0,0.0,0.0,0.0,0.0,0.0,0.0,0.0,0.0,0.0,0.0,0.0,0.0,0.0,0.0,0.0,NaN,NaN,NaN,NaN,NaN,NaN,27000.0
0.0,0.0,0.0,0.0,0.0,0.0,0.0,0.0,0.0,0.0,0.0,0.0,0.0,0.0,0.0,0.0,0.0,0.0,0.0,0.0,0.0,0.0,0.0,0.0,0.0,0.0,0.05291502622129169,0.34297716153314534,0.36665151483845465,0.39954140377854874,0.3932344508474978,0.29569128044860105,0.24090108620206208,0.25890796305508496,0.18681541692269407,0.25146238950056377,0.2088061301782105,0.2088061301782105,0.18583146486355115,0.2902297940138698,0.07505553499465129,0.0,0.0,0.0,0.0,0.0,0.0,0.0,0.0,0.0,0.0,0.0,0.0,0.0,0.0,0.0,0.0,0.0,0.0,0.0,0.0,0.0,0.0,0.0,0.0,0.0,0.0,0.0,0.0,0.0,0.0,0.0,0.0,0.0,NaN,NaN,NaN,NaN,NaN,NaN,28000.0
0.0,0.0,0.0,0.0,0.0,0.0,0.0,0.0,0.0,0.0,0.0,0.0,0.0,0.0,0.0,0.0,0.0,0.0,0.0,0.0,0.0,0.0,0.0,0.0,0.0,0.0,0.15143755588800742,0.3464582706955245,0.3704051835490427,0.38591881702416797,0.38759944960401227,0.3089228598426044,0.2478574859336172,0.2666458325194676,0.17897858344878426,0.21221058723195982,0.21221058723195982,0.2088061301782105,0.18583146486355115,0.2577466456296442,0.08660254037844355,0.0,0.0,0.0,0.0,0.0,0.0,0.0,0.0,0.0,0.0,0.0,0.0,0.0,0.0,0.0,0.0,0.0,0.0,0.0,0.0,0.0,0.0,0.0,0.0,0.0,0.0,0.0,0.0,0.0,0.0,0.0,0.0,0.0,NaN,NaN,NaN,NaN,NaN,NaN,29000.0
0.0,0.0,0.0,0.0,0.0,0.0,0.0,0.0,0.0,0.0,0.0,0.0,0.0,0.0,0.0,0.0,0.0,0.0,0.0,0.0,0.0,0.0,0.0,0.0,0.0,0.0,0.2466441431158125,0.3500000000000001,0.3742102795666272,0.423359579238894,0.3988734135035828,0.28023799409311584,0.24433583445741225,0.2956912804486011,0.24,0.21221058723195982,0.21221058723195982,0.20550750189064443,0.18357559750685778,0.3384277372399213,0.0,0.0,0.0,0.0,0.0,0.0,0.0,0.0,0.0,0.0,0.0,0.0,0.0,0.0,0.0,0.0,0.0,0.0,0.0,0.0,0.0,0.0,0.0,0.0,0.0,0.0,0.0,0.0,0.0,0.0,0.0,0.0,0.0,0.0,NaN,NaN,NaN,NaN,NaN,NaN,30000.0
0.0,0.0,0.0,0.0,0.0,0.0,0.0,0.0,0.0,0.0,0.0,0.0,0.0,0.0,0.0,0.0,0.0,0.0,0.0,0.0,0.0,0.0,0.0,0.0,0.0,0.0,0.3338163167571852,0.32883633213702734,0.37242448899072145,0.4355456348076513,0.3837099599089569,0.2706165799305974,0.26652079343520874,0.1900876990584431,0.28290163190291634,0.21221058723195982,0.21221058723195982,0.20231987873991325,0.18147543451754888,0.31374086972107024,0.0,0.0,0.0,0.0,0.0,0.0,0.0,0.0,0.0,0.0,0.0,0.0,0.0,0.0,0.0,0.0,0.0,0.0,0.0,0.0,0.0,0.0,0.0,0.0,0.0,0.0,0.0,0.0,0.0,0.0,0.0,0.0,0.0,0.0,NaN,NaN,NaN,NaN,NaN,NaN,31000.0
0.0,0.0,0.0,0.0,0.0,0.0,0.0,0.0,0.0,0.0,0.0,0.0,0.0,0.0,0.0,0.0,0.0,0.0,0.0,0.0,0.0,0.0,0.0,0.0,0.0,0.0,0.3372437298651131,0.35907288025320644,0.37072002014098654,0.3924708057083141,0.3686461718233352,0.27495454169735073,0.2627419519858472,0.17435595774162682,0.21221058723195982,0.21221058723195982,0.21221058723195982,0.19629909152447242,0.17953644012660278,0.31785741037976983,0.0,0.0,0.0,0.0,0.0,0.0,0.0,0.0,0.0,0.0,0.0,0.0,0.0,0.0,0.0,0.0,0.0,0.0,0.0,0.0,0.0,0.0,0.0,0.0,0.0,0.0,0.0,0.0,0.0,0.0,0.0,0.0,0.0,0.0,NaN,NaN,NaN,NaN,NaN,NaN,32000.0
0.0,0.0,0.0,0.0,0.0,0.0,0.0,0.0,0.0,0.0,0.0,0.0,0.0,0.0,0.0,0.0,0.0,0.0,0.0,0.0,0.0,0.0,0.0,0.0,0.0,0.0,0.34019602192461507,0.3590728802532062,0.3746998799039038,0.3939543120718443,0.34195516275285764,0.30237945256470933,0.23388031127053,0.2400694344004114,0.21221058723195982,0.21221058723195982,0.21221058723195982,0.19347695814575241,0.17953644012660278,0.29297326385411576,0.0,0.0,0.0,0.0,0.0,0.0,0.0,0.0,0.0,0.0,0.0,0.0,0.0,0.0,0.0,0.0,0.0,0.0,0.0,0.0,0.0,0.0,0.0,0.0,0.0,0.0,0.0,0.0,0.0,0.0,0.0,0.0,0.0,0.0,NaN,NaN,NaN,NaN,NaN,NaN,33000.0
0.0,0.0,0.0,0.0,0.0,0.0,0.0,0.0,0.0,0.0,0.0,0.0,0.0,0.0,0.0,0.0,0.0,0.0,0.0,0.0,0.0,0.0,0.0,0.0,0.0,0.0,0.34961884007206107,0.3667878587594377,0.3787259343289463,0.410731055558257,0.31817186131607134,0.30512292604784685,0.19139836293274096,0.2913760456866688,0.21221058723195982,0.21221058723195982,0.21221058723195982,0.1907878402833888,0.17009801096230737,0.23643180835073765,0.0,0.0,0.0,0.0,0.0,0.0,0.0,0.0,0.0,0.0,0.0,0.0,0.0,0.0,0.0,0.0,0.0,0.0,0.0,0.0,0.0,0.0,0.0,0.0,0.0,0.0,0.0,0.0,0.0,0.0,0.0,0.0,0.0,0.0,NaN,NaN,NaN,NaN,NaN,NaN,34000.0
0.0,0.0,0.0,0.0,0.0,0.0,0.0,0.0,0.0,0.0,0.0,0.0,0.0,0.0,0.0,0.0,0.0,0.0,0.0,0.0,0.0,0.0,0.0,0.0,0.0,0.045825756949558295,0.34961884007206073,0.3651027252705735,0.3827967258654824,0.3787259343289464,0.2830783166074953,0.2886751345948126,0.18193405398660237,0.25146238950056377,0.21221058723195982,0.21221058723195982,0.21221058723195982,0.18823743871327314,0.22546248764114457,0.19052558883257653,0.0,0.0,0.0,0.0,0.0,0.0,0.0,0.0,0.0,0.0,0.0,0.0,0.0,0.0,0.0,0.0,0.0,0.0,0.0,0.0,0.0,0.0,0.0,0.0,0.0,0.0,0.0,0.0,0.0,0.0,0.0,0.0,0.0,0.0,NaN,NaN,NaN,NaN,NaN,NaN,35000.0
0.0,0.0,0.0,0.0,0.0,0.0,0.0,0.0,0.0,0.0,0.0,0.0,0.0,0.0,0.0,0.0,0.0,0.0,0.0,0.0,0.0,0.0,0.0,0.0,0.04041451884327397,0.08544003745317531,0.3516153201061259,0.36909799963334056,0.38691084244306234,0.385918817024168,0.2872861523522035,0.23430749027719927,0.24501700621249392,0.21221058723195982,0.21221058723195982,0.21221058723195982,0.20550750189064443,0.18583146486355115,0.26764404221527754,0.1096965511460286,0.0,0.0,0.0,0.0,0.0,0.0,0.0,0.0,0.0,0.0,0.0,0.0,0.0,0.0,0.0,0.0,0.0,0.0,0.0,0.0,0.0,0.0,0.0,0.0,0.0,0.0,0.0,0.0,0.0,0.0,0.0,0.0,0.0,0.0,NaN,NaN,NaN,NaN,NaN,NaN,36000.0
0.0,0.0,0.0,0.0,0.0,0.0,0.0,0.0,0.0,0.0,0.0,0.0,0.0,0.0,0.0,0.0,0.0,0.0,0.0,0.0,0.0,0.0,0.0,0.023094010767585053,0.11015141094572224,0.13747727084867498,0.28431203515386627,0.3675595189897821,0.38135722535876154,0.40079088479322134,0.29022979401387006,0.1855622087962238,0.2913760456866688,0.21221058723195982,0.21221058723195982,0.21221058723195982,0.20231987873991325,0.18357559750685778,0.3241913015489466,0.08660254037844355,0.0,0.0,0.0,0.0,0.0,0.0,0.0,0.0,0.0,0.0,0.0,0.0,0.0,0.0,0.0,0.0,0.0,0.0,0.0,0.0,0.0,0.0,0.0,0.0,0.0,0.0,0.0,0.0,0.0,0.0,0.0,0.0,0.0,0.0,NaN,NaN,NaN,NaN,NaN,NaN,37000.0
0.0,0.0,0.0,0.0,0.0,0.0,0.0,0.0,0.0,0.0,0.0,0.0,0.0,0.0,0.0,0.0,0.0,0.0,0.0,0.0,0.0,0.0,0.0,0.09814954576223633,0.1652271164185831,0.2182506204649446,0.3611555528208496,0.3827967258654826,0.38135722535876154,0.360970912955601,0.285715476187996,0.1965536398374076,0.21221058723195982,0.21221058723195982,0.21221058723195982,0.21221058723195982,0.20550750189064443,0.18357559750685778,0.3619852667351715,0.0,0.0,0.0,0.0,0.0,0.0,0.0,0.0,0.0,0.0,0.0,0.0,0.0,0.0,0.0,0.0,0.0,0.0,0.0,0.0,0.0,0.0,0.0,0.0,0.0,0.0,0.0,0.0,0.0,0.0,0.0,0.0,0.0,0.0,0.0,NaN,NaN,NaN,NaN,NaN,NaN,38000.0
0.0,0.0,0.0,0.0,0.0,0.0,0.0,0.0,0.0,0.0,0.0,0.0,0.0,0.0,0.0,0.0,0.0,0.0,0.0,0.0,0.0,0.0,0.051961524227066236,0.1258305739211792,0.2150193789716018,0.3423935357645253,0.385918817024168,0.37581023580170525,0.3787259343289463,0.35725807665234566,0.23544284515213745,0.308922859842604,0.21221058723195982,0.21221058723195982,0.21221058723195982,0.21221058723195982,0.19629909152447242,0.18147543451754888,0.3536947836765481,0.0,0.0,0.0,0.0,0.0,0.0,0.0,0.0,0.0,0.0,0.0,0.0,0.0,0.0,0.0,0.0,0.0,0.0,0.0,0.0,0.0,0.0,0.0,0.0,0.0,0.0,0.0,0.0,0.0,0.0,0.0,0.0,0.0,0.0,0.0,NaN,NaN,NaN,NaN,NaN,NaN,39000.0
0.0,0.0,0.0,0.0,0.0,0.0,0.0,0.0,0.0,0.0,0.0,0.0,0.0,0.0,0.0,0.0,0.0,0.0,0.0,0.0,0.0,0.0,0.1096965511460289,0.19502136635080083,0.291032644217105,0.3345145736735545,0.37313983080520013,0.36350149013908234,0.37722672227720033,0.2830783166074954,0.2836077102854105,0.25146238950056377,0.21221058723195982,0.21221058723195982,0.21221058723195982,0.21221058723195982,0.19347695814575241,0.17953644012660278,0.306648550189518,0.0,0.0,0.0,0.0,0.0,0.0,0.0,0.0,0.0,0.0,0.0,0.0,0.0,0.0,0.0,0.0,0.0,0.0,0.0,0.0,0.0,0.0,0.0,0.0,0.0,0.0,0.0,0.0,0.0,0.0,0.0,0.0,0.0,0.0,0.0,NaN,NaN,NaN,NaN,NaN,NaN,40000.0
0.0,0.0,0.0,0.0,0.0,0.0,0.0,0.0,0.0,0.0,0.0,0.0,0.0,0.0,0.0,0.0,0.0,0.0,0.0,0.0,0.0,0.12096831541082681,0.1652271164185831,0.25106440076867403,0.30924639582917296,0.2676440422152778,0.37166292972710263,0.37999999999999984,0.3787259343289463,0.3207802986469089,0.27622454633866256,0.21221058723195982,0.21221058723195982,0.21221058723195982,0.21221058723195982,0.21221058723195982,0.19629909152447242,0.17349351572897442,0.26312227829154516,0.0,0.0,0.0,0.0,0.0,0.0,0.0,0.0,0.0,0.0,0.0,0.0,0.0,0.0,0.0,0.0,0.0,0.0,0.0,0.0,0.0,0.0,0.0,0.0,0.0,0.0,0.0,0.0,0.0,0.0,0.0,0.0,0.0,0.0,0.0,NaN,NaN,NaN,NaN,NaN,NaN,41000.0
0.0,0.0,0.0,0.0,0.0,0.0,0.0,0.0,0.0,0.0,0.0,0.0,0.0,0.0,0.0,0.0,0.0,0.0,0.0,0.0,0.10969655114602912,0.17616280348965066,0.27098585448936874,0.3397548135543238,0.2676440422152776,0.2705549851693737,0.21385353243127245,0.37166292972710285,0.38691084244306206,0.3385754470326126,0.2981610303175112,0.215715862498179,0.21221058723195982,0.21221058723195982,0.21221058723195982,0.2088061301782105,0.18823743871327314,0.2206807649071391,0.19052558883257653,0.0,0.0,0.0,0.0,0.0,0.0,0.0,0.0,0.0,0.0,0.0,0.0,0.0,0.0,0.0,0.0,0.0,0.0,0.0,0.0,0.0,0.0,0.0,0.0,0.0,0.0,0.0,0.0,0.0,0.0,0.0,0.0,0.0,0.0,0.0,NaN,NaN,NaN,NaN,NaN,NaN,42000.0
0.0,0.0,0.0,0.0,0.0,0.0,0.0,0.0,0.0,0.0,0.0,0.0,0.0,0.0,0.0,0.0,0.0,0.0,0.0,0.08082903768654742,0.15631165450257786,0.2371356854910987,0.3675595189897819,0.31643851430148834,0.32316146634976967,0.3360555509634281,0.1852025917745214,0.4059556626036887,0.36896250938724556,0.39661064030103865,0.22300971578236944,0.219317121994613,0.215715862498179,0.21221058723195982,0.21221058723195982,0.20550750189064443,0.18823743871327314,0.2705549851693735,0.11547005383792527,0.0,0.0,0.0,0.0,0.0,0.0,0.0,0.0,0.0,0.0,0.0,0.0,0.0,0.0,0.0,0.0,0.0,0.0,0.0,0.0,0.0,0.0,0.0,0.0,0.0,0.0,0.0,0.0,0.0,0.0,0.0,0.0,0.0,0.0,0.0,NaN,NaN,NaN,NaN,NaN,NaN,43000.0
0.0,0.0,0.0,0.0,0.0,0.0,0.0,0.0,0.0,0.0,0.0,0.0,0.0,0.0,0.0,0.0,0.0,0.0,0.06350852961085902,0.15588457268119923,0.20518284528683198,0.2981610303175114,0.35076107727815703,0.3098924544633723,0.33842773723992153,0.33605555096342815,0.3385754470326124,0.338673884437522,0.34151622704248397,0.28536526301099313,0.22300971578236944,0.219317121994613,0.215715862498179,0.215715862498179,0.21221058723195982,0.20231987873991325,0.18583146486355115,0.3265475973473596,0.06928203230275515,0.0,0.0,0.0,0.0,0.0,0.0,0.0,0.0,0.0,0.0,0.0,0.0,0.0,0.0,0.0,0.0,0.0,0.0,0.0,0.0,0.0,0.0,0.0,0.0,0.0,0.0,0.0,0.0,0.0,0.0,0.0,0.0,0.0,0.0,0.0,NaN,NaN,NaN,NaN,NaN,NaN,44000.0
0.0,0.0,0.0,0.0,0.0,0.0,0.0,0.0,0.0,0.0,0.0,0.0,0.0,0.0,0.0,0.0,0.0,0.051961524227066236,0.14433756729740646,0.18502252115170562,0.26764404221527777,0.3055050463303896,0.3274141108748983,0.30805843601498745,0.30353473167552547,0.24006943440041129,0.35921210076128185,0.4036087214122112,0.4064890322423635,0.29512709126747383,0.2605762844159075,0.22300971578236944,0.219317121994613,0.215715862498179,0.21221058723195982,0.19924858845171248,0.18357559750685778,0.3720663023351259,0.0,0.0,0.0,0.0,0.0,0.0,0.0,0.0,0.0,0.0,0.0,0.0,0.0,0.0,0.0,0.0,0.0,0.0,0.0,0.0,0.0,0.0,0.0,0.0,0.0,0.0,0.0,0.0,0.0,0.0,0.0,0.0,0.0,0.0,0.0,0.0,NaN,NaN,NaN,NaN,NaN,NaN,45000.0
0.0,0.0,0.0,0.0,0.0,0.0,0.0,0.0,0.0,0.0,0.0,0.0,0.0,0.0,0.0,0.0,0.051961524227066236,0.12503332889007335,0.19078784028338905,0.25632011235952584,0.3774917217635375,0.3731398308052002,0.28378395538390355,0.3340658617698014,0.2779088579612629,0.1715614564327702,0.4026164427839479,0.39170567181665034,0.420990894596704,0.34818577416852264,0.29143323992525816,0.22300971578236944,0.22300971578236944,0.219317121994613,0.215715862498179,0.19629909152447242,0.18147543451754888,0.3775358702604739,0.0,0.0,0.0,0.0,0.0,0.0,0.0,0.0,0.0,0.0,0.0,0.0,0.0,0.0,0.0,0.0,0.0,0.0,0.0,0.0,0.0,0.0,0.0,0.0,0.0,0.0,0.0,0.0,0.0,0.0,0.0,0.0,0.0,0.0,0.0,0.0,NaN,NaN,NaN,NaN,NaN,NaN,46000.0
0.0,0.0,0.0,0.0,0.0,0.0,0.0,0.0,0.0,0.0,0.0,0.0,0.0,0.0,0.0,0.0,0.0,0.19218047073866096,0.2358671942711264,0.32624121954978835,0.37098966742125516,0.34117444218463944,0.30237945256470955,0.3203643758805485,0.16502525059315434,0.27537852736430524,0.3982880029995047,0.38630730427126714,0.420990894596704,0.37647487742654645,0.24515301344262494,0.2267891825756538,0.22300971578236944,0.219317121994613,0.215715862498179,0.19347695814575241,0.17953644012660278,0.336501609703926,0.0,0.0,0.0,0.0,0.0,0.0,0.0,0.0,0.0,0.0,0.0,0.0,0.0,0.0,0.0,0.0,0.0,0.0,0.0,0.0,0.0,0.0,0.0,0.0,0.0,0.0,0.0,0.0,0.0,0.0,0.0,0.0,0.0,0.0,0.0,0.0,NaN,NaN,NaN,NaN,NaN,NaN,47000.0
0.0,0.0,0.0,0.0,0.0,0.0,0.0,0.0,0.0,0.0,0.0,0.0,0.0,0.0,0.0,0.0,0.0,0.0,0.32516662395352514,0.3121431295629193,0.3134219732777735,0.30664855018951825,0.24785748593361728,0.2025668613898467,0.08020806277010649,0.40698075302566,0.39715656022950624,0.5140363151892414,0.42442117446391986,0.420990894596704,0.2700617213403877,0.2742869543622761,0.22300971578236944,0.0,0.219317121994613,0.1907878402833888,0.18339392937971905,0.28290163190291673,0.0,0.0,0.0,0.0,0.0,0.0,0.0,0.0,0.0,0.0,0.0,0.0,0.0,0.0,0.0,0.0,0.0,0.0,0.0,0.0,0.0,0.0,0.0,0.0,0.0,0.0,0.0,0.0,0.0,0.0,0.0,0.0,0.0,0.0,0.0,0.0,NaN,NaN,NaN,NaN,NaN,NaN,48000.0
0.0,0.0,0.0,0.0,0.0,0.0,0.0,0.0,0.0,0.0,0.0,0.0,0.0,0.0,0.0,0.0,0.0,0.0,0.15044378795195668,0.30353473167552564,0.3234707611722168,0.2773685875028629,0.2042057785666212,0.07549834435270744,0.19078784028338905,0.4331666346030513,0.3818813079129867,0.42673176586703704,0.42442117446391986,0.420990894596704,0.3415162270424839,0.28618176042508364,0.2267891825756538,0.0,0.219317121994613,0.18823743871327314,0.21385353243127225,0.20207259421636883,0.0,0.0,0.0,0.0,0.0,0.0,0.0,0.0,0.0,0.0,0.0,0.0,0.0,0.0,0.0,0.0,0.0,0.0,0.0,0.0,0.0,0.0,0.0,0.0,0.0,0.0,0.0,0.0,0.0,0.0,0.0,0.0,0.0,0.0,0.0,0.0,NaN,NaN,NaN,NaN,NaN,NaN,49000.0
0.0,0.0,0.0,0.0,0.0,0.0,0.0,0.0,0.0,0.0,0.0,0.0,0.0,0.0,0.0,0.0,0.0,0.0,0.13051181300301248,0.3442867022313429,0.2793444707405774,0.281839197652373,0.1212435565298213,0.08020806277010628,0.32516662395352536,0.3651027252705735,0.37554404979087785,0.42673176586703704,0.42442117446391986,0.42442117446391986,0.3716629297271026,0.2750151510977773,0.2267891825756538,0.0,0.22300971578236944,0.18823743871327314,0.2657693235370352,0.12701705922171752,0.0,0.0,0.0,0.0,0.0,0.0,0.0,0.0,0.0,0.0,0.0,0.0,0.0,0.0,0.0,0.0,0.0,0.0,0.0,0.0,0.0,0.0,0.0,0.0,0.0,0.0,0.0,0.0,0.0,0.0,0.0,0.0,0.0,0.0,0.0,0.0,NaN,NaN,NaN,NaN,NaN,NaN,50000.0
0.0,0.0,0.0,0.0,0.0,0.0,0.0,0.0,0.0,0.0,0.0,0.0,0.0,0.0,0.0,0.0,0.0,0.01154700538379227,0.11150485789118485,0.3707200201409864,0.3078960863668131,0.17058722109231986,0.08020806277010628,0.18520259177452109,0.41137979208188313,0.363455636907725,0.40149719799769445,0.42099089459670375,0.42673176586703704,0.42442117446391986,0.40153870714208006,0.26501572280401264,0.2730079363925768,0.0,0.22300971578236944,0.18583146486355115,0.3151190251317743,0.034641016151377324,0.0,0.0,0.0,0.0,0.0,0.0,0.0,0.0,0.0,0.0,0.0,0.0,0.0,0.0,0.0,0.0,0.0,0.0,0.0,0.0,0.0,0.0,0.0,0.0,0.0,0.0,0.0,0.0,0.0,0.0,0.0,0.0,0.0,0.0,0.0,0.0,NaN,NaN,NaN,NaN,NaN,NaN,51000.0
0.0,0.0,0.0,0.0,0.0,0.0,0.0,0.0,0.0,0.0,0.0,0.0,0.0,0.0,0.0,0.0,0.0,0.03464101615137732,0.14798648586948762,0.2861817604250835,0.4611941023040084,0.08020806277010649,0.07505553499465108,0.31501322723551356,0.448441746495573,0.3459768778401239,0.4250882261366459,0.42099089459670375,0.42673176586703704,0.42442117446391986,0.420990894596704,0.3401960219246152,0.2891942830232531,0.0,0.2267891825756538,0.18357559750685778,0.3774917217635373,0.0,0.0,0.0,0.0,0.0,0.0,0.0,0.0,0.0,0.0,0.0,0.0,0.0,0.0,0.0,0.0,0.0,0.0,0.0,0.0,0.0,0.0,0.0,0.0,0.0,0.0,0.0,0.0,0.0,0.0,0.0,0.0,0.0,0.0,0.0,0.0,0.0,NaN,NaN,NaN,NaN,NaN,NaN,52000.0
0.0,0.0,0.0,0.0,0.0,0.0,0.0,0.0,0.0,0.0,0.0,0.0,0.0,0.0,0.0,0.0,0.0,0.03464101615137732,0.17578395831246957,0.27622454633866234,0.48045117684665256,0.08020806277010649,0.1401189970465578,0.38850139424889235,0.3647373484212075,0.3744774136491189,0.42253205006642225,0.42442117446391975,0.42099089459670375,0.42673176586703704,0.420990894596704,0.3508560958569766,0.275136329843952,0.0,0.2267891825756538,0.18147543451754888,0.405955662603689,0.0,0.0,0.0,0.0,0.0,0.0,0.0,0.0,0.0,0.0,0.0,0.0,0.0,0.0,0.0,0.0,0.0,0.0,0.0,0.0,0.0,0.0,0.0,0.0,0.0,0.0,0.0,0.0,0.0,0.0,0.0,0.0,0.0,0.0,0.0,0.0,0.0,NaN,NaN,NaN,NaN,NaN,NaN,53000.0
0.0,0.0,0.0,0.0,0.0,0.0,0.0,0.0,0.0,0.0,0.0,0.0,0.0,0.0,0.0,0.0,0.0,0.04932882862316244,0.18502252115170548,0.20223748416156673,0.27221315177632394,0.08504900548115378,0.24027761721253443,0.3764306044943743,0.37040518354904256,0.4128357219685978,0.42253205006642225,0.42673176586703704,0.42099089459670375,0.42442117446391986,0.42442117446391986,0.3716629297271026,0.26,0.0,0.0,0.18147543451754888,0.36290494623248093,0.0,0.0,0.0,0.0,0.0,0.0,0.0,0.0,0.0,0.0,0.0,0.0,0.0,0.0,0.0,0.0,0.0,0.0,0.0,0.0,0.0,0.0,0.0,0.0,0.0,0.0,0.0,0.0,0.0,0.0,0.0,0.0,0.0,0.0,0.0,0.0,0.0,NaN,NaN,NaN,NaN,NaN,NaN,54000.0
0.0,0.0,0.0,0.0,0.0,0.0,0.0,0.0,0.0,0.0,0.0,0.0,0.0,0.0,0.0,0.0,0.0,0.0721110255092796,0.24556058315617332,0.2800595174839329,0.12124355652982138,0.10692676621563627,0.36013886210738205,0.37206630233512566,0.3500476158086688,0.42253205006642225,0.42253205006642225,0.42673176586703704,0.42099089459670375,0.42673176586703704,0.42442117446391986,0.40153870714208006,0.24172987679087857,0.0,0.0,0.17953644012660278,0.3175426480542941,0.0,0.0,0.0,0.0,0.0,0.0,0.0,0.0,0.0,0.0,0.0,0.0,0.0,0.0,0.0,0.0,0.0,0.0,0.0,0.0,0.0,0.0,0.0,0.0,0.0,0.0,0.0,0.0,0.0,0.0,0.0,0.0,0.0,0.0,0.0,0.0,0.0,NaN,NaN,NaN,NaN,NaN,NaN,55000.0
0.0,0.0,0.0,0.0,0.0,0.0,0.0,0.0,0.0,0.0,0.0,0.0,0.0,0.0,0.0,0.0,0.0,0.08544003745317526,0.24269322199023183,0.2706165799305974,0.15307950004273374,0.22590558499809887,0.4033608806019742,0.3775358702604739,0.3704051835490427,0.42253205006642225,0.42253205006642225,0.42673176586703704,0.42442117446391975,0.42673176586703704,0.42442117446391986,0.420990894596704,0.2861817604250834,0.0,0.0,0.22338307903688687,0.23094010767584996,0.0,0.0,0.0,0.0,0.0,0.0,0.0,0.0,0.0,0.0,0.0,0.0,0.0,0.0,0.0,0.0,0.0,0.0,0.0,0.0,0.0,0.0,0.0,0.0,0.0,0.0,0.0,0.0,0.0,0.0,0.0,0.0,0.0,0.0,0.0,0.0,0.0,NaN,NaN,NaN,NaN,NaN,NaN,56000.0
0.0,0.0,0.0,0.0,0.0,0.0,0.0,0.0,0.0,0.0,0.0,0.0,0.0,0.0,0.0,0.0,0.0,0.12165525060596435,0.2750151510977773,0.3534590971149749,0.20784609690826547,0.37541088600802885,0.3798683982644518,0.36896250938724556,0.4219399641339197,0.42253205006642225,0.42253205006642225,0.42673176586703704,0.42673176586703704,0.42099089459670375,0.42673176586703704,0.42442117446391986,0.34312291286554036,0.0,0.0,0.24172987679087857,0.1558845726811987,0.0,0.0,0.0,0.0,0.0,0.0,0.0,0.0,0.0,0.0,0.0,0.0,0.0,0.0,0.0,0.0,0.0,0.0,0.0,0.0,0.0,0.0,0.0,0.0,0.0,0.0,0.0,0.0,0.0,0.0,0.0,0.0,0.0,0.0,0.0,0.0,0.0,NaN,NaN,NaN,NaN,NaN,NaN,57000.0
0.0,0.0,0.0,0.0,0.0,0.0,0.0,0.0,0.0,0.0,0.0,0.0,0.0,0.0,0.0,0.0,0.0,0.1703917055884274,0.28160255680657437,0.3104834939252005,0.21385353243127236,0.37469987990390397,0.36555893277737483,0.3530344647953415,0.42253205006642225,0.42253205006642225,0.42253205006642225,0.42099089459670425,0.42673176586703704,0.42099089459670375,0.42673176586703704,0.42442117446391986,0.3523256069793015,0.0,0.0,0.32046840717924135,0.051961524227066236,0.0,0.0,0.0,0.0,0.0,0.0,0.0,0.0,0.0,0.0,0.0,0.0,0.0,0.0,0.0,0.0,0.0,0.0,0.0,0.0,0.0,0.0,0.0,0.0,0.0,0.0,0.0,0.0,0.0,0.0,0.0,0.0,0.0,0.0,0.0,0.0,0.0,NaN,NaN,NaN,NaN,NaN,NaN,58000.0
0.0,0.0,0.0,0.0,0.0,0.0,0.0,0.0,0.0,0.0,0.0,0.0,0.0,0.0,0.0,0.0,0.0,0.19629909152447267,0.2914332399252586,0.3397548135543239,0.14468356276140468,0.36909799963334045,0.29871948937646053,0.3879862540520388,0.42253205006642225,0.42253205006642225,0.36510272527057397,0.42673176586703726,0.42673176586703704,0.42099089459670375,0.42673176586703704,0.42442117446391986,0.36501141534660686,0.0,0.0,0.3800438571182719,0.0,0.0,0.0,0.0,0.0,0.0,0.0,0.0,0.0,0.0,0.0,0.0,0.0,0.0,0.0,0.0,0.0,0.0,0.0,0.0,0.0,0.0,0.0,0.0,0.0,0.0,0.0,0.0,0.0,0.0,0.0,0.0,0.0,0.0,0.0,0.0,0.0,0.0,NaN,NaN,NaN,NaN,NaN,NaN,59000.0
0.0,0.0,0.0,0.0,0.0,0.0,0.0,0.0,0.0,0.0,0.0,0.0,0.0,0.0,0.0,0.0,0.0,0.20599352740640534,0.23755701070129143,0.3881151032017867,0.19347695814575266,0.3594903800289144,0.3707200201409864,0.42253205006642225,0.42253205006642225,0.42253205006642225,0.36510272527057397,0.42673176586703726,0.42673176586703704,0.42442117446391975,0.42673176586703704,0.42442117446391986,0.37898988552906404,0.0,0.0,0.0,0.0,0.0,0.0,0.0,0.0,0.0,0.0,0.0,0.0,0.0,0.0,0.0,0.0,0.0,0.0,0.0,0.0,0.0,0.0,0.0,0.0,0.0,0.0,0.0,0.0,0.0,0.0,0.0,0.0,0.0,0.0,0.0,0.0,0.0,0.0,0.0,0.0,0.0,NaN,NaN,NaN,NaN,NaN,NaN,60000.0
0.0,0.0,0.0,0.0,0.0,0.0,0.0,0.0,0.0,0.0,0.0,0.0,0.0,0.0,0.0,0.0,0.0,0.22233608194203044,0.21779194965226184,0.287112057101985,0.1443375672974067,0.3477547028198659,0.34078341117685496,0.42253205006642225,0.42253205006642225,0.42253205006642225,0.3667878587594382,0.42673176586703726,0.42673176586703704,0.42673176586703704,0.42099089459670375,0.42673176586703704,0.395516539898565,0.0,0.0,0.0,0.0,0.0,0.0,0.0,0.0,0.0,0.0,0.0,0.0,0.0,0.0,0.0,0.0,0.0,0.0,0.0,0.0,0.0,0.0,0.0,0.0,0.0,0.0,0.0,0.0,0.0,0.0,0.0,0.0,0.0,0.0,0.0,0.0,0.0,0.0,0.0,0.0,0.0,NaN,NaN,NaN,NaN,NaN,NaN,61000.0
0.0,0.0,0.0,0.0,0.0,0.0,0.0,0.0,0.0,0.0,0.0,0.0,0.0,0.0,0.0,0.0,0.0,0.25579940057266204,0.2099999999999999,0.30512292604784735,0.20033305601755644,0.34394767043839664,0.3371943060017473,0.42253205006642225,0.42253205006642225,0.42253205006642225,0.28930952282978895,0.42673176586703726,0.42099089459670425,0.42673176586703704,0.42099089459670375,0.42099089459670375,0.40779897008207344,0.0,0.0,0.0,0.0,0.0,0.0,0.0,0.0,0.0,0.0,0.0,0.0,0.0,0.0,0.0,0.0,0.0,0.0,0.0,0.0,0.0,0.0,0.0,0.0,0.0,0.0,0.0,0.0,0.0,0.0,0.0,0.0,0.0,0.0,0.0,0.0,0.0,0.0,0.0,0.0,0.0,NaN,NaN,NaN,NaN,NaN,NaN,62000.0
0.0,0.0,0.0,0.0,0.0,0.0,0.0,0.0,0.0,0.0,0.0,0.0,0.0,0.0,0.0,0.0,0.29771350881902114,0.2281081614790086,0.14525839046333952,0.27874719729532704,0.20074859899884726,0.3401960219246156,0.3642801120017396,0.42253205006642225,0.42253205006642225,0.42253205006642225,0.37509998667022104,0.42673176586703726,0.42673176586703726,0.42673176586703704,0.42442117446391975,0.42673176586703704,0.42442117446391986,0.0,0.0,0.0,0.0,0.0,0.0,0.0,0.0,0.0,0.0,0.0,0.0,0.0,0.0,0.0,0.0,0.0,0.0,0.0,0.0,0.0,0.0,0.0,0.0,0.0,0.0,0.0,0.0,0.0,0.0,0.0,0.0,0.0,0.0,0.0,0.0,0.0,0.0,0.0,0.0,0.0,NaN,NaN,NaN,NaN,NaN,NaN,63000.0
0.0,0.0,0.0,0.0,0.0,0.0,0.0,0.0,0.0,0.0,0.0,0.0,0.0,0.0,0.0,0.0,0.22278539748675943,0.2500666577801477,0.19655363983740742,0.2953528962670477,0.20663978319771828,0.33650160970392595,0.39949968710876355,0.42253205006642225,0.42253205006642225,0.42253205006642225,0.42910760111344265,0.42910760111344254,0.42673176586703726,0.42673176586703704,0.42442117446391975,0.42673176586703704,0.42673176586703704,0.0,0.0,0.0,0.0,0.0,0.0,0.0,0.0,0.0,0.0,0.0,0.0,0.0,0.0,0.0,0.0,0.0,0.0,0.0,0.0,0.0,0.0,0.0,0.0,0.0,0.0,0.0,0.0,0.0,0.0,0.0,0.0,0.0,0.0,0.0,0.0,0.0,0.0,0.0,0.0,0.0,NaN,NaN,NaN,NaN,NaN,NaN,64000.0
0.0,0.0,0.0,0.0,0.0,0.0,0.0,0.0,0.0,0.0,0.0,0.0,0.0,0.0,0.0,0.0,0.2203028218914443,0.22278539748675902,0.2025668613898465,0.2196208854670553,0.22120880030716072,0.3231614663497699,0.42253205006642225,0.42253205006642225,0.42253205006642225,0.42253205006642225,0.42673176586703726,0.42673176586703754,0.42673176586703726,0.42673176586703704,0.42673176586703704,0.42099089459670375,0.42673176586703704,0.0,0.0,0.0,0.0,0.0,0.0,0.0,0.0,0.0,0.0,0.0,0.0,0.0,0.0,0.0,0.0,0.0,0.0,0.0,0.0,0.0,0.0,0.0,0.0,0.0,0.0,0.0,0.0,0.0,0.0,0.0,0.0,0.0,0.0,0.0,0.0,0.0,0.0,0.0,0.0,0.0,NaN,NaN,NaN,NaN,NaN,NaN,65000.0
0.0,0.0,0.0,0.0,0.0,0.0,0.0,0.0,0.0,0.0,0.0,0.0,0.0,0.0,0.0,0.0,0.21794494717703372,0.21794494717703342,0.2030599254735737,0.16772994167212169,0.24331050121192874,0.3750111109465069,0.42253205006642225,0.42253205006642225,0.42253205006642225,0.3855299383100274,0.42673176586703726,0.42673176586703754,0.42673176586703726,0.42099089459670425,0.42673176586703704,0.42099089459670375,0.42673176586703704,0.0,0.0,0.0,0.0,0.0,0.0,0.0,0.0,0.0,0.0,0.0,0.0,0.0,0.0,0.0,0.0,0.0,0.0,0.0,0.0,0.0,0.0,0.0,0.0,0.0,0.0,0.0,0.0,0.0,0.0,0.0,0.0,0.0,0.0,0.0,0.0,0.0,0.0,0.0,0.0,0.0,NaN,NaN,NaN,NaN,NaN,NaN,66000.0
0.0,0.0,0.0,0.0,0.0,0.0,0.0,0.0,0.0,0.0,0.0,0.0,0.0,0.0,0.0,0.0,0.21571586249817934,0.21361959960016152,0.1530795000427338,0.22678918257565406,0.2515949125081825,0.37589892258425006,0.42253205006642225,0.42253205006642225,0.42253205006642225,0.37040518354904306,0.42910760111344254,0.42673176586703754,0.42673176586703726,0.42335957923889395,0.42673176586703704,0.42099089459670375,0.42673176586703704,0.0,0.0,0.0,0.0,0.0,0.0,0.0,0.0,0.0,0.0,0.0,0.0,0.0,0.0,0.0,0.0,0.0,0.0,0.0,0.0,0.0,0.0,0.0,0.0,0.0,0.0,0.0,0.0,0.0,0.0,0.0,0.0,0.0,0.0,0.0,0.0,0.0,0.0,0.0,0.0,0.0,NaN,NaN,NaN,NaN,NaN,NaN,67000.0
0.0,0.0,0.0,0.0,0.0,0.0,0.0,0.0,0.0,0.0,0.0,0.0,0.0,0.0,0.0,0.0,0.21361959960016152,0.21361959960016152,0.2059935274064048,0.2066397831977183,0.20984120980716187,0.3499047489436708,0.42253205006642225,0.42253205006642225,0.42253205006642225,0.37040518354904306,0.42910760111344254,0.42910760111344265,0.42910760111344254,0.42673176586703726,0.42673176586703704,0.42442117446391975,0.42673176586703704,0.0,0.0,0.0,0.0,0.0,0.0,0.0,0.0,0.0,0.0,0.0,0.0,0.0,0.0,0.0,0.0,0.0,0.0,0.0,0.0,0.0,0.0,0.0,0.0,0.0,0.0,0.0,0.0,0.0,0.0,0.0,0.0,0.0,0.0,0.0,0.0,0.0,0.0,0.0,0.0,0.0,NaN,NaN,NaN,NaN,NaN,NaN,68000.0
0.0,0.0,0.0,0.0,0.0,0.0,0.0,0.0,0.0,0.0,0.0,0.0,0.0,0.0,0.0,0.0,0.2157158624981791,0.20599352740640517,0.1900876990584433,0.21385353243127248,0.20816659994661327,0.36295086903509877,0.42253205006642225,0.42253205006642225,0.42253205006642225,0.32624121954978874,0.43247350593225176,0.42910760111344265,0.42673176586703754,0.42673176586703726,0.42673176586703704,0.42673176586703704,0.42099089459670375,0.0,0.0,0.0,0.0,0.0,0.0,0.0,0.0,0.0,0.0,0.0,0.0,0.0,0.0,0.0,0.0,0.0,0.0,0.0,0.0,0.0,0.0,0.0,0.0,0.0,0.0,0.0,0.0,0.0,0.0,0.0,0.0,0.0,0.0,0.0,0.0,0.0,0.0,0.0,0.0,0.0,NaN,NaN,NaN,NaN,NaN,NaN,69000.0
0.0,0.0,0.0,0.0,0.0,0.0,0.0,0.0,0.0,0.0,0.0,0.0,0.0,0.0,0.0,0.0,0.2059935274064048,0.20256686138984667,0.19139836293274134,0.18175074506954114,0.22744962812309286,0.33650160970392584,0.42253205006642225,0.42253205006642225,0.42253205006642225,0.35444792753426185,0.42673176586703754,0.42335957923889395,0.42673176586703754,0.42673176586703726,0.42673176586703704,0.42673176586703704,0.4046397574798268,0.0,0.0,0.0,0.0,0.0,0.0,0.0,0.0,0.0,0.0,0.0,0.0,0.0,0.0,0.0,0.0,0.0,0.0,0.0,0.0,0.0,0.0,0.0,0.0,0.0,0.0,0.0,0.0,0.0,0.0,0.0,0.0,0.0,0.0,0.0,0.0,0.0,0.0,0.0,0.0,0.0,NaN,NaN,NaN,NaN,NaN,NaN,70000.0
0.0,0.0,0.0,0.0,0.0,0.0,0.0,0.0,0.0,0.0,0.0,0.0,0.0,0.0,0.0,0.0,0.30005555041247484,0.19087517736293874,0.19697715603592209,0.16802777548171413,0.223681320930768,0.3510460558578221,0.42253205006642225,0.42253205006642225,0.42253205006642225,0.42910760111344254,0.42910760111344265,0.42673176586703726,0.42673176586703754,0.42673176586703726,0.42335957923889395,0.42673176586703704,0.3925981830489451,0.0,0.0,0.0,0.0,0.0,0.0,0.0,0.0,0.0,0.0,0.0,0.0,0.0,0.0,0.0,0.0,0.0,0.0,0.0,0.0,0.0,0.0,0.0,0.0,0.0,0.0,0.0,0.0,0.0,0.0,0.0,0.0,0.0,0.0,0.0,0.0,0.0,0.0,0.0,0.0,0.0,NaN,NaN,NaN,NaN,NaN,NaN,71000.0
0.0,0.0,0.0,0.0,0.0,0.0,0.0,0.0,0.0,0.0,0.0,0.0,0.0,0.0,0.0,0.20599352740640509,0.21221058723195993,0.15885003409925122,0.1442220510185597,0.15394804318340644,0.21283796653792764,0.3726929030716845,0.42253205006642225,0.42253205006642225,0.390512483795333,0.434856298103178,0.42910760111344265,0.42910760111344254,0.42673176586703754,0.42673176586703726,0.42673176586703726,0.42673176586703704,0.38423083339749436,0.0,0.0,0.0,0.0,0.0,0.0,0.0,0.0,0.0,0.0,0.0,0.0,0.0,0.0,0.0,0.0,0.0,0.0,0.0,0.0,0.0,0.0,0.0,0.0,0.0,0.0,0.0,0.0,0.0,0.0,0.0,0.0,0.0,0.0,0.0,0.0,0.0,0.0,0.0,0.0,0.0,NaN,NaN,NaN,NaN,NaN,NaN,72000.0
0.0,0.0,0.0,0.0,0.0,0.0,0.0,0.0,0.0,0.0,0.0,0.0,0.0,0.0,0.0,0.20420577856662137,0.16165807537309534,0.1743559577416271,0.14189197769195164,0.14106735979665894,0.20502032419575694,0.38695391629150533,0.42253205006642225,0.42253205006642225,0.37643060449437454,0.4291076011134429,0.42910760111344265,0.42910760111344254,0.42910760111344265,0.42910760111344254,0.42673176586703726,0.42673176586703704,0.35552777669262303,0.0,0.0,0.0,0.0,0.0,0.0,0.0,0.0,0.0,0.0,0.0,0.0,0.0,0.0,0.0,0.0,0.0,0.0,0.0,0.0,0.0,0.0,0.0,0.0,0.0,0.0,0.0,0.0,0.0,0.0,0.0,0.0,0.0,0.0,0.0,0.0,0.0,0.0,0.0,0.0,0.0,NaN,NaN,NaN,NaN,NaN,NaN,73000.0
0.0,0.0,0.0,0.0,0.0,0.0,0.0,0.0,0.0,0.0,0.0,0.0,0.0,0.0,0.0,0.19857828011475304,0.1743559577416271,0.14047538337136997,0.14106735979665894,0.15524174696260026,0.20033305601755622,0.42253205006642225,0.42253205006642225,0.42253205006642225,0.37859388972001856,0.4291076011134429,0.42910760111344254,0.42910760111344254,0.42910760111344265,0.42335957923889406,0.42673176586703726,0.3899999999999997,0.34501207708330034,0.0,0.0,0.0,0.0,0.0,0.0,0.0,0.0,0.0,0.0,0.0,0.0,0.0,0.0,0.0,0.0,0.0,0.0,0.0,0.0,0.0,0.0,0.0,0.0,0.0,0.0,0.0,0.0,0.0,0.0,0.0,0.0,0.0,0.0,0.0,0.0,0.0,0.0,0.0,0.0,0.0,NaN,NaN,NaN,NaN,NaN,NaN,74000.0
0.0,0.0,0.0,0.0,0.0,0.0,0.0,0.0,0.0,0.0,0.0,0.0,0.0,0.0,0.0,0.18520259177452109,0.14798648586948762,0.13503086067019374,0.14502873278538062,0.15011106998930282,0.18681541692269388,0.42253205006642225,0.42253205006642225,0.42253205006642225,0.3649657518178935,0.43154760262725783,0.42910760111344254,0.42910760111344254,0.42910760111344265,0.42673176586703754,0.4167733196834941,0.35369478367654766,0.31511902513177503,0.0,0.0,0.0,0.0,0.0,0.0,0.0,0.0,0.0,0.0,0.0,0.0,0.0,0.0,0.0,0.0,0.0,0.0,0.0,0.0,0.0,0.0,0.0,0.0,0.0,0.0,0.0,0.0,0.0,0.0,0.0,0.0,0.0,0.0,0.0,0.0,0.0,0.0,0.0,0.0,0.0,NaN,NaN,NaN,NaN,NaN,NaN,75000.0
0.0,0.0,0.0,0.0,0.0,0.0,0.0,0.0,0.0,0.0,0.0,0.0,0.0,0.0,0.15620499351813308,0.18520259177452109,0.13576941236277537,0.135030860670194,0.12529964086141668,0.14047538337136997,0.18681541692269388,0.42253205006642225,0.42253205006642225,0.42253205006642225,0.4020364825899925,0.43154760262725783,0.42910760111344254,0.42673176586703754,0.42673176586703726,0.42673176586703754,0.37509998667022104,0.3200520790954702,0.3151190251317743,0.0,0.0,0.0,0.0,0.0,0.0,0.0,0.0,0.0,0.0,0.0,0.0,0.0,0.0,0.0,0.0,0.0,0.0,0.0,0.0,0.0,0.0,0.0,0.0,0.0,0.0,0.0,0.0,0.0,0.0,0.0,0.0,0.0,0.0,0.0,0.0,0.0,0.0,0.0,0.0,0.0,NaN,NaN,NaN,NaN,NaN,NaN,76000.0
0.0,0.0,0.0,0.0,0.0,0.0,0.0,0.0,0.0,0.0,0.0,0.0,0.0,0.0,0.13527749258468683,0.13012814197295436,0.13747727084867498,0.13747727084867498,0.14106735979665874,0.1457166199626293,0.17897858344878406,0.42253205006642225,0.42253205006642225,0.4041451884327384,0.44467216388406106,0.4348562981031782,0.42910760111344254,0.42910760111344265,0.42910760111344254,0.3955165398985654,0.3477067730142741,0.3160696125855823,0.3200520790954704,0.0,0.0,0.0,0.0,0.0,0.0,0.0,0.0,0.0,0.0,0.0,0.0,0.0,0.0,0.0,0.0,0.0,0.0,0.0,0.0,0.0,0.0,0.0,0.0,0.0,0.0,0.0,0.0,0.0,0.0,0.0,0.0,0.0,0.0,0.0,0.0,0.0,0.0,0.0,0.0,0.0,NaN,NaN,NaN,NaN,NaN,NaN,77000.0
0.0,0.0,0.0,0.0,0.0,0.0,0.0,0.0,0.0,0.0,0.0,0.0,0.0,0.0,0.13114877048604012,0.14011899704655822,0.14843629385474882,0.14294521094927726,0.12767145334803703,0.14294521094927726,0.17897858344878406,0.42253205006642225,0.42253205006642225,0.390512483795333,0.44769781475157233,0.43154760262725766,0.42579337712087567,0.42335957923889395,0.42579337712087545,0.36115555282084966,0.31564748269760257,0.3151190251317743,0.32005207909547084,0.0,0.0,0.0,0.0,0.0,0.0,0.0,0.0,0.0,0.0,0.0,0.0,0.0,0.0,0.0,0.0,0.0,0.0,0.0,0.0,0.0,0.0,0.0,0.0,0.0,0.0,0.0,0.0,0.0,0.0,0.0,0.0,0.0,0.0,0.0,0.0,0.0,0.0,0.0,0.0,0.0,NaN,NaN,NaN,NaN,NaN,NaN,78000.0
0.0,0.0,0.0,0.0,0.0,0.0,0.0,0.0,0.0,0.0,0.0,0.0,0.0,0.0,0.16462077633154323,0.1530795000427338,0.13613718571108105,0.13051181300301287,0.13613718571108105,0.13613718571108105,0.16822603841260733,0.42253205006642225,0.42253205006642225,0.3957692930652068,0.4504442251822081,0.43154760262725766,0.434856298103178,0.42910760111344265,0.38314488121336043,0.34019602192461534,0.31021497922139935,0.30512292604784713,0.31999999999999984,0.0,0.0,0.0,0.0,0.0,0.0,0.0,0.0,0.0,0.0,0.0,0.0,0.0,0.0,0.0,0.0,0.0,0.0,0.0,0.0,0.0,0.0,0.0,0.0,0.0,0.0,0.0,0.0,0.0,0.0,0.0,0.0,0.0,0.0,0.0,0.0,0.0,0.0,0.0,0.0,0.0,NaN,NaN,NaN,NaN,NaN,NaN,79000.0
0.0,0.0,0.0,0.0,0.0,0.0,0.0,0.0,0.0,0.0,0.0,0.0,0.0,0.0,0.1792577287966502,0.15874507866387558,0.1530795000427338,0.14742229591663975,0.13613718571108105,0.13613718571108105,0.1530795000427338,0.42253205006642225,0.42253205006642225,0.3957692930652068,0.44747439405326095,0.43154760262725766,0.4291076011134429,0.4130778780488413,0.35571524191877607,0.3150132272355138,0.5783021125098309,0.3150132272355131,0.23713568549109879,0.0,0.0,0.0,0.0,0.0,0.0,0.0,0.0,0.0,0.0,0.0,0.0,0.0,0.0,0.0,0.0,0.0,0.0,0.0,0.0,0.0,0.0,0.0,0.0,0.0,0.0,0.0,0.0,0.0,0.0,0.0,0.0,0.0,0.0,0.0,0.0,0.0,0.0,0.0,0.0,0.0,NaN,NaN,NaN,NaN,NaN,NaN,80000.0
