depth_km,P_GPa,T_K,x_km,y_km,T_nondim
2.000000,0.056898,296.348165,2.000000,-2.000000,0.016117
3.000000,0.085347,306.214865,3.000000,-3.000000,0.022884
4.000000,0.113796,314.876644,4.000000,-4.000000,0.028790
5.000000,0.142245,322.333500,5.000000,-5.000000,0.033836
6.000000,0.170694,328.585435,6.000000,-6.000000,0.038021
7.000000,0.199143,333.669941,7.000000,-7.000000,0.041372
8.000000,0.227592,338.934413,8.000000,-8.000000,0.044852
9.000000,0.256041,344.047969,9.000000,-9.000000,0.048223
10.000000,0.284490,349.010608,10.000000,-10.000000,0.051487
11.000000,0.312939,353.822332,11.000000,-11.000000,0.054643
12.000000,0.341388,358.483139,12.000000,-12.000000,0.057691
13.000000,0.369837,362.991486,13.000000,-13.000000,0.060630
14.000000,0.398286,367.373042,14.000000,-14.000000,0.063479
15.000000,0.426735,371.687286,15.000000,-15.000000,0.066279
16.000000,0.455184,375.934219,16.000000,-16.000000,0.069031
17.000000,0.483633,380.113839,17.000000,-17.000000,0.071735
18.000000,0.512082,384.226148,18.000000,-18.000000,0.074391
19.000000,0.540531,388.285966,19.000000,-19.000000,0.077009
20.000000,0.568980,392.318121,20.000000,-20.000000,0.079608
21.000000,0.597429,396.322859,21.000000,-21.000000,0.082187
22.000000,0.625878,400.300180,22.000000,-22.000000,0.084746
23.000000,0.654327,404.254368,23.000000,-23.000000,0.087288
24.000000,0.682776,408.201406,24.000000,-24.000000,0.089826
25.000000,0.711225,412.142601,25.000000,-25.000000,0.092359
26.000000,0.739674,416.077952,26.000000,-26.000000,0.094888
27.000000,0.768123,420.016202,27.000000,-27.000000,0.097419
28.000000,0.796572,423.963925,28.000000,-28.000000,0.099956
29.000000,0.825021,427.920051,29.000000,-29.000000,0.102500
30.000000,0.853470,431.888880,30.000000,-30.000000,0.105052
31.000000,0.881919,435.878217,31.000000,-31.000000,0.107620
32.000000,0.910368,439.886546,32.000000,-32.000000,0.110200
33.000000,0.938817,443.919298,33.000000,-33.000000,0.112798
34.000000,0.967266,447.981863,34.000000,-34.000000,0.115417
35.000000,0.995715,452.074229,35.000000,-35.000000,0.118058
36.000000,1.024164,456.200420,36.000000,-36.000000,0.120722
37.000000,1.052613,460.362210,37.000000,-37.000000,0.123412
38.000000,1.081062,464.564751,38.000000,-38.000000,0.126131
39.000000,1.109511,468.808064,39.000000,-39.000000,0.128879
40.000000,1.137960,473.091292,40.000000,-40.000000,0.131656
41.000000,1.170333,477.407469,41.000000,-41.000000,0.134456
42.000000,1.202706,481.749127,42.000000,-42.000000,0.137274
43.000000,1.235079,486.110515,43.000000,-43.000000,0.140106
44.000000,1.267452,490.488661,44.000000,-44.000000,0.142950
45.000000,1.299825,494.881373,45.000000,-45.000000,0.145804
46.000000,1.332198,499.286274,46.000000,-46.000000,0.148667
47.000000,1.364571,503.703160,47.000000,-47.000000,0.151538
48.000000,1.396944,508.143031,48.000000,-48.000000,0.154426
49.000000,1.429317,512.622514,49.000000,-49.000000,0.157342
50.000000,1.461690,517.151823,50.000000,-50.000000,0.160294
51.000000,1.494063,521.738407,51.000000,-51.000000,0.163286
52.000000,1.526436,526.390450,52.000000,-52.000000,0.166325
53.000000,1.558809,531.118049,53.000000,-53.000000,0.169418
54.000000,1.591182,535.929538,54.000000,-54.000000,0.172571
55.000000,1.623555,540.837589,55.000000,-55.000000,0.175792
56.000000,1.655928,545.853884,56.000000,-56.000000,0.179091
57.000000,1.688301,550.991144,57.000000,-57.000000,0.182477
58.000000,1.720674,556.272072,58.000000,-58.000000,0.185964
59.000000,1.753047,561.711833,59.000000,-59.000000,0.189566
60.000000,1.785420,567.337940,60.000000,-60.000000,0.193300
61.000000,1.817793,573.181158,61.000000,-61.000000,0.197189
62.000000,1.850166,579.277283,62.000000,-62.000000,0.201259
63.000000,1.882539,585.668441,63.000000,-63.000000,0.205539
64.000000,1.914912,592.418184,64.000000,-64.000000,0.210076
65.000000,1.947285,599.594927,65.000000,-65.000000,0.214918
66.000000,1.979658,607.289082,66.000000,-66.000000,0.220129
67.000000,2.012031,615.612607,67.000000,-67.000000,0.225789
68.000000,2.044404,624.734039,68.000000,-68.000000,0.232019
69.000000,2.076777,634.872444,69.000000,-69.000000,0.238976
70.000000,2.109150,646.278286,70.000000,-70.000000,0.246838
71.000000,2.141523,659.334349,71.000000,-71.000000,0.255879
72.000000,2.173896,674.688643,72.000000,-72.000000,0.266561
73.000000,2.206269,692.729039,73.000000,-73.000000,0.279161
74.000000,2.238642,712.850652,74.000000,-74.000000,0.293249
75.000000,2.271015,734.063876,75.000000,-75.000000,0.308115
76.000000,2.303388,755.862208,76.000000,-76.000000,0.323400
77.000000,2.335761,777.950947,77.000000,-77.000000,0.338892
78.000000,2.368134,800.103732,78.000000,-78.000000,0.354430
79.000000,2.400507,821.619951,79.000000,-79.000000,0.369513
80.000000,2.432880,840.503546,80.000000,-80.000000,0.382715
81.000000,2.465253,858.198023,81.000000,-81.000000,0.395068
82.000000,2.497626,873.192650,82.000000,-82.000000,0.405493
83.000000,2.529999,886.709678,83.000000,-83.000000,0.414862
84.000000,2.562372,899.053355,84.000000,-84.000000,0.423393
85.000000,2.594745,910.103127,85.000000,-85.000000,0.430999
86.000000,2.627118,920.073150,86.000000,-86.000000,0.437835
87.000000,2.659491,929.175426,87.000000,-87.000000,0.444050
88.000000,2.691864,937.475450,88.000000,-88.000000,0.449692
89.000000,2.724237,945.049369,89.000000,-89.000000,0.454816
90.000000,2.756610,952.047184,90.000000,-90.000000,0.459528
91.000000,2.788983,958.476108,91.000000,-91.000000,0.463833
92.000000,2.821356,964.559767,92.000000,-92.000000,0.467892
93.000000,2.853729,970.180991,93.000000,-93.000000,0.471620
94.000000,2.886102,975.438730,94.000000,-94.000000,0.475089
95.000000,2.918475,980.425429,95.000000,-95.000000,0.478364
96.000000,2.950848,985.129675,96.000000,-96.000000,0.481437
97.000000,2.983221,989.574225,97.000000,-97.000000,0.484325
98.000000,3.015594,993.816285,98.000000,-98.000000,0.487068
99.000000,3.047967,997.873236,99.000000,-99.000000,0.489679
100.000000,3.080340,1001.713286,100.000000,-100.000000,0.492134
101.000000,3.112713,1005.438209,101.000000,-101.000000,0.494508
102.000000,3.145086,1009.021209,102.000000,-102.000000,0.496780
103.000000,3.177459,1012.442926,103.000000,-103.000000,0.498936
104.000000,3.209832,1015.744305,104.000000,-104.000000,0.501007
105.000000,3.242205,1018.944553,105.000000,-105.000000,0.503005
106.000000,3.274578,1022.031191,106.000000,-106.000000,0.504922
107.000000,3.306951,1025.031802,107.000000,-107.000000,0.506778
108.000000,3.339324,1027.924895,108.000000,-108.000000,0.508557
109.000000,3.371697,1030.754768,109.000000,-109.000000,0.510290
110.000000,3.404070,1033.503657,110.000000,-110.000000,0.511966
111.000000,3.436443,1036.176915,111.000000,-111.000000,0.513587
112.000000,3.468816,1038.777470,112.000000,-112.000000,0.515157
113.000000,3.501189,1041.325305,113.000000,-113.000000,0.516689
114.000000,3.533562,1043.834996,114.000000,-114.000000,0.518193
115.000000,3.565935,1046.222720,115.000000,-115.000000,0.519610
116.000000,3.598308,1048.624777,116.000000,-116.000000,0.521038
117.000000,3.630681,1050.965452,117.000000,-117.000000,0.522421
118.000000,3.663054,1053.218746,118.000000,-118.000000,0.523742
119.000000,3.695427,1055.477887,119.000000,-119.000000,0.525067
120.000000,3.727800,1057.682183,120.000000,-120.000000,0.526353
121.000000,3.760173,1059.838975,121.000000,-121.000000,0.527605
122.000000,3.792546,1061.952801,122.000000,-122.000000,0.528826
123.000000,3.824919,1064.040729,123.000000,-123.000000,0.530029
124.000000,3.857292,1066.083898,124.000000,-124.000000,0.531199
125.000000,3.889665,1068.117847,125.000000,-125.000000,0.532363
126.000000,3.922038,1070.110750,126.000000,-126.000000,0.533497
127.000000,3.954411,1072.066932,127.000000,-127.000000,0.534606
128.000000,3.986784,1073.984016,128.000000,-128.000000,0.535686
129.000000,4.019157,1075.901842,129.000000,-129.000000,0.536766
130.000000,4.051530,1077.785467,130.000000,-130.000000,0.537823
131.000000,4.083903,1079.623711,131.000000,-131.000000,0.538846
132.000000,4.116276,1081.474873,132.000000,-132.000000,0.539879
133.000000,4.148649,1083.276846,133.000000,-133.000000,0.540877
134.000000,4.181022,1085.059538,134.000000,-134.000000,0.541860
135.000000,4.213395,1086.818032,135.000000,-135.000000,0.542827
136.000000,4.245768,1088.573149,136.000000,-136.000000,0.543791
137.000000,4.278141,1090.299673,137.000000,-137.000000,0.544734
138.000000,4.310514,1092.005463,138.000000,-138.000000,0.545662
139.000000,4.342887,1093.689572,139.000000,-139.000000,0.546575
140.000000,4.375260,1095.364729,140.000000,-140.000000,0.547482
141.000000,4.407633,1097.022475,141.000000,-141.000000,0.548376
142.000000,4.440006,1098.652460,142.000000,-142.000000,0.549250
143.000000,4.472379,1100.279931,143.000000,-143.000000,0.550122
144.000000,4.504752,1101.888513,144.000000,-144.000000,0.550981
145.000000,4.537125,1103.483820,145.000000,-145.000000,0.551830
146.000000,4.569498,1105.060225,146.000000,-146.000000,0.552666
147.000000,4.601871,1106.624969,147.000000,-147.000000,0.553493
148.000000,4.634244,1108.171272,148.000000,-148.000000,0.554307
149.000000,4.666617,1109.713988,149.000000,-149.000000,0.555118
150.000000,4.698990,1111.239763,150.000000,-150.000000,0.555917
151.000000,4.731363,1112.750903,151.000000,-151.000000,0.556705
152.000000,4.763736,1114.246692,152.000000,-152.000000,0.557483
153.000000,4.796109,1115.740733,153.000000,-153.000000,0.558259
154.000000,4.828482,1117.220045,154.000000,-154.000000,0.559025
155.000000,4.860855,1118.686564,155.000000,-155.000000,0.559781
156.000000,4.893228,1120.140611,156.000000,-156.000000,0.560529
157.000000,4.925601,1121.587110,157.000000,-157.000000,0.561271
158.000000,4.957974,1123.018941,158.000000,-158.000000,0.562002
159.000000,4.990347,1124.444185,159.000000,-159.000000,0.562729
160.000000,5.022720,1125.859051,160.000000,-160.000000,0.563448
161.000000,5.055093,1127.269506,161.000000,-161.000000,0.564164
162.000000,5.087466,1128.671053,162.000000,-162.000000,0.564873
163.000000,5.119839,1130.059748,163.000000,-163.000000,0.565573
164.000000,5.152212,1131.436455,164.000000,-164.000000,0.566265
165.000000,5.184585,1132.803713,165.000000,-165.000000,0.566950
166.000000,5.216958,1134.168993,166.000000,-166.000000,0.567633
167.000000,5.249331,1135.522917,167.000000,-167.000000,0.568308
168.000000,5.281704,1136.868786,168.000000,-168.000000,0.568978
169.000000,5.314077,1138.204326,169.000000,-169.000000,0.569639
170.000000,5.346450,1139.533851,170.000000,-170.000000,0.570297
171.000000,5.378823,1140.859427,171.000000,-171.000000,0.570952
172.000000,5.411196,1142.173266,172.000000,-172.000000,0.571598
173.000000,5.443569,1143.487510,173.000000,-173.000000,0.572244
174.000000,5.475942,1144.789366,174.000000,-174.000000,0.572881
175.000000,5.508315,1146.084475,175.000000,-175.000000,0.573514
176.000000,5.540688,1147.357383,176.000000,-176.000000,0.574131
177.000000,5.573061,1148.653186,177.000000,-177.000000,0.574763
178.000000,5.605434,1149.928117,178.000000,-178.000000,0.575381
179.000000,5.637807,1151.193815,179.000000,-179.000000,0.575993
180.000000,5.670180,1152.453228,180.000000,-180.000000,0.576599
181.000000,5.702553,1153.711132,181.000000,-181.000000,0.577205
182.000000,5.734926,1154.959803,182.000000,-182.000000,0.577804
183.000000,5.767299,1156.204577,183.000000,-183.000000,0.578400
184.000000,5.799672,1157.443824,184.000000,-184.000000,0.578992
185.000000,5.832045,1158.676810,185.000000,-185.000000,0.579579
186.000000,5.864418,1159.904440,186.000000,-186.000000,0.580163
187.000000,5.896791,1161.123243,187.000000,-187.000000,0.580740
188.000000,5.929164,1162.340478,188.000000,-188.000000,0.581316
189.000000,5.961537,1163.549646,189.000000,-189.000000,0.581886
190.000000,5.993910,1164.756364,190.000000,-190.000000,0.582454
191.000000,6.026283,1165.958946,191.000000,-191.000000,0.583020
192.000000,6.058656,1167.154358,192.000000,-192.000000,0.583580
193.000000,6.091029,1168.341767,193.000000,-193.000000,0.584134
194.000000,6.123402,1169.528066,194.000000,-194.000000,0.584687
195.000000,6.155775,1170.710463,195.000000,-195.000000,0.585238
196.000000,6.188148,1171.886673,196.000000,-196.000000,0.585784
197.000000,6.220521,1173.055544,197.000000,-197.000000,0.586325
198.000000,6.252894,1174.223589,198.000000,-198.000000,0.586865
199.000000,6.285267,1175.387506,199.000000,-199.000000,0.587402
200.000000,6.317640,1176.534719,200.000000,-200.000000,0.587927
