P_GPa,T_K
0.02,1255.6
0.027,1237.1
0.054,1218.6
0.061,1197.3
0.075,1176.0
0.095,1158.9
0.109,1147.6
0.122,1141.9
0.163,1147.6
0.21,1156.1
0.265,1163.2
0.353,1173.2
0.482,1183.1
0.584,1187.4
0.699,1190.2
0.774,922.9
0.781,913.0
0.787,934.3
0.787,1191.6
0.794,911.5
0.808,945.7
0.814,955.6
0.828,968.4
0.835,907.3
0.855,989.7
0.862,1191.6
0.869,904.4
0.882,1016.8
0.91,903.0
0.937,1188.8
0.937,1063.7
0.991,1114.9
0.998,1181.7
1.018,1181.7
1.018,898.7
1.025,1149.0
1.032,1154.7
1.038,1163.2
1.038,1173.2
1.201,897.3
1.357,900.2
1.514,904.4
1.643,911.5
1.758,918.6
1.894,930.0
2.016,941.4
2.152,955.6
2.274,967.0
2.471,984.1
2.742,1001.1
2.966,1009.6
3.163,1016.8
