780, 36.55938827527613
762.2727272727273, 33.807858963466444
744.5454545454545, 31.5142735768904
722.7272727272727, 28.958113848768058
705, 27.253313508920986
691.3636363636364, 25.483984706881905
675, 23.58322005097706
660, 21.159388275276125
650.4545454545455, 18.933007646559048
649.090909090909, 17.42803738317757
645, 12.978547153780799
646.3636363636364, 10.754545454545454
647.7272727272727, 9.577272727272724
651.8181818181818, 8.531435853865759
657.2727272727273, 7.682158028887002
668.1818181818181, 6.96491079014443
680.4545454545455, 6.247960917587079
696.8181818181818, 5.7281648258283795
714.5454545454545, 4.946983857264229
735, 4.100977060322855
758.1818181818182, 3.3864061172472404
781.3636363636364, 2.606414613423958
803.1818181818182, 1.9569668649107896
830.4545454545455, 1.3087085811384824
855, 0.9215378079864038
879.5454545454545, 0.6652081563296477
902.7272727272727, 0.5394222599830059
946.3636363636365, 0.41809685641461414
781.3636363636364, 36.69052676295667
714.5454545454545, 28.105862361937128
