run_id,pair_id,mgo_bin_index,mgo_bin_center,mgo_target,mgo_upper,al_type,al_ti_upper,replicate,olivine_fo,mode_olivine,mode_opx,mode_cpx,mode_plag,trapped_liquid,source_sample,source_terrane,source_rocktype,layer,SiO2_pct,TiO2_pct,Al2O3_pct,FeOtot_pct,MgO_pct,CaO_pct,Na2O_pct
p0000_upper,0,0,7.0,7.5304,7.5304,Al_depleted,11.289,0,0.8281,0.2,0.05,0.35,0.4,0.15,174432,East Pilbara Terrane,Basalt,upper,59.8854,0.9479,10.7006,9.2872,7.5304,9.2893,2.3592
p0000_lower,0,0,7.0,7.5304,7.5304,Al_depleted,11.289,0,0.8281,0.2,0.05,0.35,0.4,0.15,174432,East Pilbara Terrane,Basalt,lower,49.9905,0.2875,13.8576,6.1536,15.1139,13.3689,1.2278
p0001_upper,1,0,7.0,6.9706,6.9706,Al_depleted,12.134,1,0.7723,0.2,0.05,0.35,0.4,0.15,83219,MURCHISON,metabasalt,upper,53.2541,1.1865,14.3967,12.2107,6.9706,11.8331,0.1483
p0001_lower,1,0,7.0,6.9706,6.9706,Al_depleted,12.134,1,0.7723,0.2,0.05,0.35,0.4,0.15,83219,MURCHISON,metabasalt,lower,48.841,0.3234,14.4129,7.4103,14.3656,13.7511,0.8957
p0002_upper,2,0,7.0,6.2934,6.2934,Al_depleted,12.028,2,0.7535,0.2,0.05,0.35,0.4,0.15,210917,Kalgoorlie,basalt,upper,54.5464,1.1088,13.3363,12.2309,6.2934,10.1947,2.2894
p0002_lower,2,0,7.0,6.2934,6.2934,Al_depleted,12.028,2,0.7535,0.2,0.05,0.35,0.4,0.15,210917,Kalgoorlie,basalt,lower,48.9851,0.3117,14.2536,7.6801,14.0471,13.505,1.2174
p0003_upper,3,0,7.0,6.6428,6.6428,Al_depleted,13.759,3,0.7465,0.2,0.05,0.35,0.4,0.15,182253,Kalgoorlie,metabasalt,upper,49.3831,1.1554,15.8969,13.4038,6.6428,12.0946,1.4233
p0003_lower,3,0,7.0,6.6428,6.6428,Al_depleted,13.759,3,0.7465,0.2,0.05,0.35,0.4,0.15,182253,Kalgoorlie,metabasalt,lower,48.1909,0.3187,14.6383,7.9552,14.0192,13.7904,1.0872
p0004_upper,4,0,7.0,6.2675,6.2675,Al_depleted,13.14,4,0.7593,0.2,0.05,0.35,0.4,0.15,176767,East Pilbara Terrane,Basalt,upper,54.0912,0.9979,13.1128,11.8026,6.2675,11.0299,2.6981
p0004_lower,4,0,7.0,6.2675,6.2675,Al_depleted,13.14,4,0.7593,0.2,0.05,0.35,0.4,0.15,176767,East Pilbara Terrane,Basalt,lower,48.9321,0.2951,14.22,7.5337,14.1099,13.6304,1.2788
p0005_upper,5,0,7.0,7.3497,7.3497,Al_depleted,11.657,5,0.7699,0.2,0.05,0.35,0.4,0.15,176791,East Pilbara Terrane,Basalt,upper,54.9462,1.1755,13.702,13.0512,7.3497,8.1885,1.5869
p0005_lower,5,0,7.0,7.3497,7.3497,Al_depleted,11.657,5,0.7699,0.2,0.05,0.35,0.4,0.15,176791,East Pilbara Terrane,Basalt,lower,49.0888,0.3217,14.3085,7.5709,14.3947,13.2036,1.1118
p0006_upper,6,0,7.0,6.9241,6.9241,Al_depleted,12.577,6,0.7413,0.2,0.05,0.35,0.4,0.15,214409,MURCHISON,amphibolite,upper,49.9837,1.168,14.6899,14.3542,6.9241,11.9645,0.9155
p0006_lower,6,0,7.0,6.9241,6.9241,Al_depleted,12.577,6,0.7413,0.2,0.05,0.35,0.4,0.15,214409,MURCHISON,amphibolite,lower,48.2676,0.3206,14.457,8.1701,14.0029,13.7708,1.011
p0007_upper,7,0,7.0,7.2743,7.2743,Al_depleted,11.57,7,0.7788,0.2,0.05,0.35,0.4,0.15,81747,MURCHISON,metabasalt,upper,53.6048,1.2738,14.7382,12.2763,7.2743,10.7273,0.1053
p0007_lower,7,0,7.0,7.2743,7.2743,Al_depleted,11.57,7,0.7788,0.2,0.05,0.35,0.4,0.15,81747,MURCHISON,metabasalt,lower,48.9112,0.3365,14.4642,7.327,14.487,13.585,0.8892
p0008_upper,8,0,7.0,7.4629,7.4629,Al_undepleted,16.881,0,0.7998,0.2,0.05,0.35,0.4,0.15,81314,MURCHISON,amphibolite,upper,53.2766,0.8707,14.6977,11.0986,7.4629,12.4899,0.1037
p0008_lower,8,0,7.0,7.4629,7.4629,Al_undepleted,16.881,0,0.7998,0.2,0.05,0.35,0.4,0.15,81314,MURCHISON,amphibolite,lower,48.919,0.2759,14.4581,6.845,14.7631,13.8498,0.889
p0009_upper,9,0,7.0,7.3653,7.3653,Al_undepleted,38.323,1,0.8771,0.2,0.05,0.35,0.4,0.15,182395,SOUTHERN CROSS,amphibolite derived from volcanic rock,upper,59.7165,0.384,14.7179,6.1318,7.3653,11.634,0.0505
p0009_lower,9,0,7.0,7.3653,7.3653,Al_undepleted,38.323,1,0.8771,0.2,0.05,0.35,0.4,0.15,182395,SOUTHERN CROSS,amphibolite derived from volcanic rock,lower,50.1056,0.2028,14.4611,4.93,15.6982,13.7212,0.881
p0010_upper,10,0,7.0,7.4388,7.4388,Al_undepleted,21.493,2,0.8108,0.2,0.05,0.35,0.4,0.15,177354,Kalgoorlie,basalt,upper,51.2948,0.7459,16.0322,10.3159,7.4388,12.3537,1.8188
p0010_lower,10,0,7.0,7.4388,7.4388,Al_undepleted,21.493,2,0.8108,0.2,0.05,0.35,0.4,0.15,177354,Kalgoorlie,basalt,lower,48.6515,0.2572,14.6586,6.5663,14.8905,13.8293,1.1467
p0011_upper,11,0,7.0,6.8441,6.8441,Al_undepleted,25.875,3,0.8249,0.2,0.05,0.35,0.4,0.15,81609,MURCHISON,komatiite,upper,56.4221,0.5878,15.2103,8.633,6.8441,12.1557,0.147
p0011_lower,11,0,7.0,6.8441,6.8441,Al_undepleted,25.875,3,0.8249,0.2,0.05,0.35,0.4,0.15,81609,MURCHISON,komatiite,lower,49.4611,0.2335,14.5351,6.1037,14.9716,13.7996,0.8955
p0012_upper,12,0,7.0,7.7622,7.7622,Al_undepleted,19.293,4,0.8066,0.2,0.05,0.35,0.4,0.15,211015,Kalgoorlie,basalt,upper,51.1009,0.7825,15.0966,11.0586,7.7622,12.9474,1.252
p0012_lower,12,0,7.0,7.7622,7.7622,Al_undepleted,19.293,4,0.8066,0.2,0.05,0.35,0.4,0.15,211015,Kalgoorlie,basalt,lower,48.6108,0.2627,14.518,6.7394,14.889,13.9185,1.0615
p0013_upper,13,0,7.0,7.9945,7.9945,Al_undepleted,18.581,5,0.8059,0.2,0.05,0.35,0.4,0.15,81667,MURCHISON,metabasalt,upper,53.4016,0.7764,14.4258,11.4415,7.9945,11.7295,0.2308
p0013_lower,13,0,7.0,7.9945,7.9945,Al_undepleted,18.581,5,0.8059,0.2,0.05,0.35,0.4,0.15,81667,MURCHISON,metabasalt,lower,48.9545,0.2618,14.4173,6.8074,14.9154,13.7355,0.9081
p0014_upper,14,0,7.0,7.8565,7.8565,Al_undepleted,19.528,6,0.8115,0.2,0.05,0.35,0.4,0.15,100131,Kalgoorlie,basalt,upper,49.306,0.7531,14.7055,10.8415,7.8565,15.5106,1.0269
p0014_lower,14,0,7.0,7.8565,7.8565,Al_undepleted,19.528,6,0.8115,0.2,0.05,0.35,0.4,0.15,100131,Kalgoorlie,basalt,lower,48.3548,0.2583,14.4593,6.6341,14.9623,14.3036,1.0277
p0015_upper,15,0,7.0,7.4363,7.4363,Al_undepleted,18.054,7,0.8004,0.2,0.05,0.35,0.4,0.15,179890,East Pilbara Terrane,Basalt,upper,55.1065,0.7899,14.2609,11.0195,7.4363,10.079,1.3078
p0015_lower,15,0,7.0,7.4363,7.4363,Al_undepleted,18.054,7,0.8004,0.2,0.05,0.35,0.4,0.15,179890,East Pilbara Terrane,Basalt,lower,49.1955,0.2638,14.3925,6.8247,14.766,13.4876,1.0699
p0016_upper,16,1,9.0,9.5938,9.5938,Al_depleted,11.962,0,0.8189,0.2598,0.0699,0.35,0.3203,0.15,165366,SOUTHERN CROSS,basalt,upper,54.2966,1.3484,16.1293,12.6031,9.5938,5.958,0.0708
p0016_lower,16,1,9.0,9.5938,9.5938,Al_depleted,11.962,0,0.8189,0.2598,0.0699,0.35,0.3203,0.15,165366,SOUTHERN CROSS,basalt,lower,48.8332,0.348,12.4743,7.75,18.0772,11.789,0.7283
p0017_upper,17,1,9.0,9.3337,9.3337,Al_depleted,10.587,1,0.8209,0.25,0.0667,0.35,0.3333,0.15,81602,MURCHISON,metabasalt,upper,56.4221,0.9659,10.2261,12.1017,9.3337,10.8141,0.1365
p0017_lower,17,1,9.0,9.3337,9.3337,Al_depleted,10.587,1,0.8209,0.25,0.0667,0.35,0.3333,0.15,81602,MURCHISON,metabasalt,lower,49.2069,0.2905,11.9463,7.4818,17.6163,12.6946,0.7636
p0018_upper,18,1,9.0,9.4907,9.4907,Al_depleted,12.716,2,0.8382,0.2559,0.0686,0.35,0.3255,0.15,83535,MURCHISON,metabasalt,upper,55.9108,1.0119,12.8673,10.8879,9.4907,9.757,0.0746
p0018_lower,18,1,9.0,9.4907,9.4907,Al_depleted,12.716,2,0.8382,0.2559,0.0686,0.35,0.3255,0.15,83535,MURCHISON,metabasalt,lower,49.1637,0.2975,12.1265,7.0612,18.1826,12.4295,0.739
p0019_upper,19,1,9.0,8.5391,8.5391,Al_depleted,12.225,3,0.8182,0.2202,0.0567,0.35,0.373,0.15,81583,MURCHISON,komatiite,upper,56.7827,1.1053,13.513,11.2717,8.5391,8.5066,0.2817
p0019_lower,19,1,9.0,8.5391,8.5391,Al_depleted,12.225,3,0.8182,0.2202,0.0567,0.35,0.373,0.15,81583,MURCHISON,komatiite,lower,49.3977,0.3113,13.5364,6.9256,16.0798,12.8862,0.8631
p0020_upper,20,1,9.0,9.5991,9.5991,Al_depleted,10.584,4,0.8362,0.26,0.07,0.35,0.32,0.15,83449,MURCHISON,metabasalt,upper,53.4672,1.0527,11.1416,11.1694,9.5991,13.4971,0.073
p0020_lower,20,1,9.0,9.5991,9.5991,Al_depleted,10.584,4,0.8362,0.26,0.07,0.35,0.32,0.15,83449,MURCHISON,metabasalt,lower,48.7708,0.3036,11.7177,7.2009,18.361,12.9179,0.7281
p0021_upper,21,1,9.0,8.1837,8.1837,Al_depleted,10.303,5,0.7856,0.2069,0.0523,0.35,0.3908,0.15,180219,East Pilbara Terrane,Basalt,upper,54.0132,1.0864,11.1932,13.2666,8.1837,8.4558,3.8012
p0021_lower,21,1,9.0,8.1837,8.1837,Al_depleted,10.303,5,0.7856,0.2069,0.0523,0.35,0.3908,0.15,180219,East Pilbara Terrane,Basalt,lower,48.9542,0.3084,13.6782,7.5045,15.0088,13.1193,1.4265
p0022_upper,22,1,9.0,8.5427,8.5427,Al_depleted,7.888,6,0.7941,0.2204,0.0568,0.35,0.3729,0.15,81440,MURCHISON,komatiite,upper,51.5074,1.6855,13.2956,13.1597,8.5427,11.6206,0.1884
p0022_lower,22,1,9.0,8.5427,8.5427,Al_depleted,7.888,6,0.7941,0.2204,0.0568,0.35,0.3729,0.15,81440,MURCHISON,komatiite,lower,48.5313,0.3985,13.4987,7.6024,15.769,13.3516,0.8487
p0023_upper,23,1,9.0,8.5797,8.5797,Al_depleted,12.606,7,0.8293,0.2217,0.0572,0.35,0.371,0.15,83454,MURCHISON,metabasalt,upper,55.6028,0.9717,12.2494,10.4918,8.5797,12.0426,0.062
p0023_lower,23,1,9.0,8.5797,8.5797,Al_depleted,12.606,7,0.8293,0.2217,0.0572,0.35,0.371,0.15,83454,MURCHISON,metabasalt,lower,49.2474,0.2912,13.2905,6.6493,16.3056,13.3899,0.8261
p0024_upper,24,1,9.0,8.7857,8.7857,Al_undepleted,20.308,0,0.8755,0.2295,0.0598,0.35,0.3607,0.15,207626,MURCHISON,pyroxene spinifex-textured basalt,upper,59.5674,0.6939,14.0912,7.4251,8.7857,7.8889,1.5479
p0024_lower,24,1,9.0,8.7857,8.7857,Al_undepleted,20.308,0,0.8755,0.2295,0.0598,0.35,0.3607,0.15,207626,MURCHISON,pyroxene spinifex-textured basalt,lower,49.9582,0.2495,13.283,5.4968,17.3569,12.6264,1.0292
p0025_upper,25,1,9.0,8.2113,8.2113,Al_undepleted,16.987,1,0.8238,0.2079,0.0526,0.35,0.3894,0.15,81518,MURCHISON,komatiite,upper,55.9092,0.8008,13.6036,10.4342,8.2113,10.9768,0.0641
p0025_lower,25,1,9.0,8.2113,8.2113,Al_undepleted,16.987,1,0.8238,0.2079,0.0526,0.35,0.3894,0.15,81518,MURCHISON,komatiite,lower,49.3429,0.2655,14.0022,6.5148,15.5328,13.4793,0.8624
p0026_upper,26,1,9.0,8.3883,8.3883,Al_undepleted,23.021,2,0.8478,0.2146,0.0549,0.35,0.3806,0.15,179888,East Pilbara Terrane,Basalt,upper,54.3827,0.6621,15.242,8.9459,8.3883,10.7963,1.5828
p0026_lower,26,1,9.0,8.3883,8.3883,Al_undepleted,23.021,2,0.8478,0.2146,0.0549,0.35,0.3806,0.15,179888,East Pilbara Terrane,Basalt,lower,49.1544,0.2447,14.0042,6.007,16.1841,13.3323,1.0733
p0027_upper,27,1,9.0,8.1928,8.1928,Al_undepleted,19.189,3,0.8317,0.2072,0.0524,0.35,0.3904,0.15,81452,MURCHISON,metabasalt,upper,53.9882,0.7773,14.915,9.848,8.1928,12.0791,0.1996
p0027_lower,27,1,9.0,8.1928,8.1928,Al_undepleted,19.189,3,0.8317,0.2072,0.0524,0.35,0.3904,0.15,81452,MURCHISON,metabasalt,lower,49.0807,0.262,14.2248,6.2929,15.5977,13.6575,0.8846
p0028_upper,28,1,9.0,8.2216,8.2216,Al_undepleted,20.247,4,0.8259,0.2083,0.0528,0.35,0.3889,0.15,100141,Kalgoorlie,basalt,upper,50.5786,0.8293,16.7913,10.2998,8.2216,9.9519,3.3275
p0028_lower,28,1,9.0,8.2216,8.2216,Al_undepleted,20.247,4,0.8259,0.2083,0.0528,0.35,0.3889,0.15,100141,Kalgoorlie,basalt,lower,48.5462,0.2698,14.4669,6.4687,15.5784,13.3184,1.3517
p0029_upper,29,1,9.0,8.1009,8.1009,Al_undepleted,20.985,5,0.849,0.2038,0.0513,0.35,0.395,0.15,80677,MURCHISON,basalt,upper,56.9155,0.7003,14.6966,8.5589,8.1009,10.5887,0.439
p0029_lower,29,1,9.0,8.1009,8.1009,Al_undepleted,20.985,5,0.849,0.2038,0.0513,0.35,0.395,0.15,80677,MURCHISON,basalt,lower,49.5867,0.2504,14.3187,5.7803,15.6386,13.4958,0.9295
p0030_upper,30,1,9.0,9.0001,9.0001,Al_undepleted,26.085,6,0.8499,0.2375,0.0625,0.35,0.35,0.15,142280,De Grey Superbasin (Bookingarra Gp.),Siliceous high-Mg basalt,upper,57.0771,0.4919,12.8303,9.4448,9.0001,8.5814,2.5744
p0030_lower,30,1,9.0,9.0001,9.0001,Al_undepleted,26.085,6,0.8499,0.2375,0.0625,0.35,0.35,0.15,142280,De Grey Superbasin (Bookingarra Gp.),Siliceous high-Mg basalt,lower,49.4635,0.2192,12.7978,6.3636,17.4082,12.5852,1.1624
p0031_upper,31,1,9.0,9.6248,9.6248,Al_undepleted,20.468,7,0.8633,0.2609,0.0703,0.35,0.3188,0.15,81327,MURCHISON,basalt,upper,58.0942,0.6486,13.276,9.0558,9.6248,8.4217,0.8788
p0031_lower,31,1,9.0,9.6248,9.6248,Al_undepleted,20.468,7,0.8633,0.2609,0.0703,0.35,0.3188,0.15,81327,MURCHISON,basalt,lower,49.5624,0.2429,12.0028,6.3589,18.8483,12.138,0.8467
p0032_upper,32,2,11.0,10.4544,10.4544,Al_depleted,10.6,0,0.8616,0.292,0.0807,0.35,0.2773,0.15,174435,East Pilbara Terrane,Komatiitic basalt,upper,53.9002,1.0371,10.9937,9.9761,10.4544,10.1121,3.5263
p0032_lower,32,2,11.0,10.4544,10.4544,Al_depleted,10.6,0,0.8616,0.292,0.0807,0.35,0.2773,0.15,174435,East Pilbara Terrane,Komatiitic basalt,lower,48.7929,0.3014,10.5156,6.9306,20.466,11.8301,1.1633
p0033_upper,33,2,11.0,10.3248,10.3248,Al_depleted,12.516,1,0.8369,0.2872,0.0791,0.35,0.2838,0.15,81333,MURCHISON,amphibolite,upper,53.7494,0.9689,12.1272,11.9527,10.3248,10.8041,0.0729
p0033_lower,33,2,11.0,10.3248,10.3248,Al_depleted,12.516,1,0.8369,0.2872,0.0791,0.35,0.2838,0.15,81333,MURCHISON,amphibolite,lower,48.6897,0.2912,10.8646,7.7059,19.7696,12.0218,0.6572
p0034_upper,34,2,11.0,11.2347,11.2347,Al_depleted,8.23,2,0.8163,0.3213,0.0904,0.35,0.2383,0.15,179732,East Pilbara Terrane,Komatiitic basalt,upper,52.7848,1.2537,10.3177,15.0247,11.2347,8.501,0.8834
p0034_lower,34,2,11.0,11.2347,11.2347,Al_depleted,8.23,2,0.8163,0.3213,0.0904,0.35,0.2383,0.15,179732,East Pilbara Terrane,Komatiitic basalt,lower,48.2936,0.3341,9.3377,9.1667,21.1181,11.0597,0.6901
p0035_upper,35,2,11.0,11.2347,11.2347,Al_depleted,8.23,3,0.8163,0.3213,0.0904,0.35,0.2383,0.15,179732,East Pilbara Terrane,Komatiitic basalt,upper,52.7848,1.2537,10.3177,15.0247,11.2347,8.501,0.8834
p0035_lower,35,2,11.0,11.2347,11.2347,Al_depleted,8.23,3,0.8163,0.3213,0.0904,0.35,0.2383,0.15,179732,East Pilbara Terrane,Komatiitic basalt,lower,48.2936,0.3341,9.3377,9.1667,21.1181,11.0597,0.6901
p0036_upper,36,2,11.0,11.2607,11.2607,Al_depleted,12.211,4,0.8371,0.3223,0.0908,0.35,0.237,0.15,83430,MURCHISON,metabasalt,upper,50.8911,0.9851,12.0281,13.0247,11.2607,11.7377,0.0726
p0036_lower,36,2,11.0,11.2607,11.2607,Al_depleted,12.211,4,0.8371,0.3223,0.0908,0.35,0.237,0.15,83430,MURCHISON,metabasalt,lower,48.0983,0.2938,9.5587,8.381,21.5742,11.5282,0.5657
p0037_upper,37,2,11.0,10.1762,10.1762,Al_depleted,8.477,5,0.8236,0.2816,0.0772,0.35,0.2912,0.15,179731,East Pilbara Terrane,Basalt,upper,53.5428,1.1307,9.5845,12.9543,10.1762,10.5176,2.0938
p0037_lower,37,2,11.0,10.1762,10.1762,Al_depleted,8.477,5,0.8236,0.2816,0.0772,0.35,0.2912,0.15,179731,East Pilbara Terrane,Basalt,lower,48.6314,0.3154,10.6877,8.0571,19.2537,12.0794,0.9753
p0038_upper,38,2,11.0,11.3933,11.3933,Al_depleted,8.025,6,0.8424,0.3272,0.0924,0.35,0.2303,0.15,99552,Kalgoorlie,basalt,upper,51.6252,1.2648,10.1494,12.6688,11.3933,10.4212,2.4773
p0038_lower,38,2,11.0,11.3933,11.3933,Al_depleted,8.025,6,0.8424,0.3272,0.0924,0.35,0.2303,0.15,99552,Kalgoorlie,basalt,lower,48.2102,0.3358,9.0937,8.2694,21.9362,11.2407,0.914
p0039_upper,39,2,11.0,10.3248,10.3248,Al_depleted,12.516,7,0.8369,0.2872,0.0791,0.35,0.2838,0.15,81333,MURCHISON,amphibolite,upper,53.7494,0.9689,12.1272,11.9527,10.3248,10.8041,0.0729
p0039_lower,39,2,11.0,10.3248,10.3248,Al_depleted,12.516,7,0.8369,0.2872,0.0791,0.35,0.2838,0.15,81333,MURCHISON,amphibolite,lower,48.6897,0.2912,10.8646,7.7059,19.7696,12.0218,0.6572
p0040_upper,40,2,11.0,11.5967,11.5967,Al_undepleted,25.333,0,0.8864,0.3349,0.095,0.35,0.2202,0.15,81785,MURCHISON,komatiite,upper,56.8797,0.5466,13.8475,8.8338,11.5967,8.0706,0.2251
p0040_lower,40,2,11.0,11.5967,11.5967,Al_undepleted,25.333,0,0.8864,0.3349,0.095,0.35,0.2202,0.15,81785,MURCHISON,komatiite,lower,49.1781,0.228,9.3686,6.6642,23.2554,10.7499,0.5558
p0041_upper,41,2,11.0,11.5655,11.5655,Al_undepleted,27.213,1,0.8824,0.3337,0.0946,0.35,0.2217,0.15,81334,MURCHISON,komatiite,upper,55.8058,0.4924,13.3988,9.1624,11.5655,9.3237,0.2514
p0041_lower,41,2,11.0,11.5655,11.5655,Al_undepleted,27.213,1,0.8824,0.3337,0.0946,0.35,0.2217,0.15,81334,MURCHISON,komatiite,lower,49.0017,0.2198,9.3442,6.8059,23.1063,10.9592,0.5628
p0042_upper,42,2,11.0,11.8653,11.8653,Al_undepleted,27.457,2,0.8802,0.3449,0.0983,0.35,0.2067,0.15,81516,MURCHISON,komatiite,upper,54.9384,0.49,13.4523,9.5934,11.8653,9.2132,0.4473
p0042_lower,42,2,11.0,11.8653,11.8653,Al_undepleted,27.457,2,0.8802,0.3449,0.0983,0.35,0.2067,0.15,81516,MURCHISON,komatiite,lower,48.8159,0.2195,8.9388,7.0546,23.6686,10.7396,0.5629
p0043_upper,43,2,11.0,10.5754,10.5754,Al_undepleted,23.685,3,0.8551,0.2966,0.0822,0.35,0.2712,0.15,81669,MURCHISON,metabasalt,upper,54.5067,0.5751,13.6213,10.6466,10.5754,9.5104,0.5644
p0043_lower,43,2,11.0,10.5754,10.5754,Al_undepleted,23.685,3,0.8551,0.2966,0.0822,0.35,0.2712,0.15,81669,MURCHISON,metabasalt,lower,48.8368,0.2321,10.7433,7.238,20.5855,11.6578,0.7066
p0044_upper,44,2,11.0,10.9682,10.9682,Al_undepleted,17.855,4,0.844,0.3113,0.0871,0.35,0.2516,0.15,207604,MURCHISON,basalt,upper,55.8755,0.5691,10.1611,12.0478,10.9682,10.3266,0.0517
p0044_lower,44,2,11.0,10.9682,10.9682,Al_undepleted,17.855,4,0.844,0.3113,0.0871,0.35,0.2516,0.15,207604,MURCHISON,basalt,lower,48.9284,0.2312,9.6819,7.9096,21.1433,11.5144,0.5912
p0045_upper,45,2,11.0,11.7391,11.7391,Al_undepleted,19.18,5,0.8716,0.3402,0.0967,0.35,0.213,0.15,111935,Kurnalpi,komatiitic basalt,upper,53.0355,0.6394,12.2631,10.2799,11.7391,10.4499,1.5932
p0045_lower,45,2,11.0,11.7391,11.7391,Al_undepleted,19.18,5,0.8716,0.3402,0.0967,0.35,0.213,0.15,111935,Kurnalpi,komatiitic basalt,lower,48.5059,0.2419,8.9343,7.3339,23.2258,11.0108,0.7474
p0046_upper,46,2,11.0,10.8946,10.8946,Al_undepleted,28.631,6,0.8751,0.3085,0.0862,0.35,0.2553,0.15,180201,East Pilbara Terrane,Basalt,upper,50.648,0.5598,16.0292,9.242,10.8946,11.7714,0.8549
p0046_lower,46,2,11.0,10.8946,10.8946,Al_undepleted,28.631,6,0.8751,0.3085,0.0862,0.35,0.2553,0.15,180201,East Pilbara Terrane,Basalt,lower,48.294,0.2298,10.6647,6.711,21.6002,11.7812,0.719
p0047_upper,47,2,11.0,10.3076,10.3076,Al_undepleted,21.441,7,0.8591,0.2865,0.0788,0.35,0.2846,0.15,204660,Kalgoorlie,Variolitic metabasalt,upper,53.997,0.6174,13.2376,10.0469,10.3076,9.8576,1.9359
p0047_lower,47,2,11.0,10.3076,10.3076,Al_undepleted,21.441,7,0.8591,0.2865,0.0788,0.35,0.2846,0.15,204660,Kalgoorlie,Variolitic metabasalt,lower,48.8205,0.2384,11.0552,6.9267,20.1292,11.8913,0.9387
p0048_upper,48,3,13.0,12.1548,12.1548,Al_depleted,12.414,0,0.8533,0.3577,0.1019,0.3461,0.1942,0.15,83429,MURCHISON,metabasalt,upper,50.7951,0.9015,11.1911,12.4194,12.1548,12.476,0.0622
p0048_lower,48,3,13.0,12.1548,12.1548,Al_depleted,12.414,0,0.8533,0.3577,0.1019,0.3461,0.1942,0.15,83429,MURCHISON,metabasalt,lower,47.9842,0.28,8.2426,8.3518,23.6723,10.9895,0.4796
p0049_upper,49,3,13.0,13.8354,13.8354,Al_depleted,11.225,1,0.8724,0.4418,0.1229,0.3041,0.1312,0.15,83432,MURCHISON,amphibolite,upper,50.602,0.921,10.3377,12.0207,13.8354,12.2107,0.0724
p0049_lower,49,3,13.0,13.8354,13.8354,Al_depleted,11.225,1,0.8724,0.4418,0.1229,0.3041,0.1312,0.15,83432,MURCHISON,amphibolite,lower,47.5108,0.2675,6.261,8.5607,27.721,9.3316,0.3473
p0050_upper,50,3,13.0,12.127,12.127,Al_depleted,9.806,2,0.8171,0.3563,0.1016,0.3468,0.1952,0.15,179733,East Pilbara Terrane,Komatiitic basalt,upper,48.7284,1.3679,13.4138,16.1341,12.127,7.6614,0.5675
p0050_lower,50,3,13.0,12.127,12.127,Al_depleted,9.806,2,0.8171,0.3563,0.1016,0.3468,0.1952,0.15,179733,East Pilbara Terrane,Komatiitic basalt,lower,47.5008,0.3503,8.6071,9.8672,22.8238,10.2931,0.5577
p0051_upper,51,3,13.0,13.8354,13.8354,Al_depleted,11.225,3,0.8724,0.4418,0.1229,0.3041,0.1312,0.15,83432,MURCHISON,amphibolite,upper,50.602,0.921,10.3377,12.0207,13.8354,12.2107,0.0724
p0051_lower,51,3,13.0,13.8354,13.8354,Al_depleted,11.225,3,0.8724,0.4418,0.1229,0.3041,0.1312,0.15,83432,MURCHISON,amphibolite,lower,47.5108,0.2675,6.261,8.5607,27.721,9.3316,0.3473
p0052_upper,52,3,13.0,12.479,12.479,Al_depleted,14.841,4,0.8706,0.3739,0.106,0.338,0.182,0.15,209690,MURCHISON,amphibolite,upper,52.9262,0.7187,10.6665,11.0224,12.479,11.1352,1.0521
p0052_lower,52,3,13.0,12.479,12.479,Al_depleted,14.841,4,0.8706,0.3739,0.106,0.338,0.182,0.15,209690,MURCHISON,amphibolite,lower,48.2885,0.2495,7.8063,7.8207,24.7566,10.4759,0.6025
p0053_upper,53,3,13.0,12.2819,12.2819,Al_depleted,4.632,5,0.8547,0.3641,0.1035,0.343,0.1894,0.15,182780,SOUTHERN CROSS,metabasalt,upper,53.8152,1.6629,7.7017,12.4091,12.2819,11.9917,0.1376
p0053_lower,53,3,13.0,12.2819,12.2819,Al_depleted,4.632,5,0.8547,0.3641,0.1035,0.343,0.1894,0.15,182780,SOUTHERN CROSS,metabasalt,lower,48.4023,0.3931,7.5783,8.3809,23.9702,10.7943,0.4808
p0054_upper,54,3,13.0,12.6261,12.6261,Al_depleted,9.484,6,0.851,0.3813,0.1078,0.3343,0.1765,0.15,83533,MURCHISON,metabasalt,upper,52.607,1.0037,9.5198,13.1388,12.6261,11.0412,0.0634
p0054_lower,54,3,13.0,12.6261,12.6261,Al_depleted,9.484,6,0.851,0.3813,0.1078,0.3343,0.1765,0.15,83533,MURCHISON,metabasalt,lower,48.0848,0.291,7.4717,8.7854,24.6046,10.3201,0.4423
p0055_upper,55,3,13.0,13.8434,13.8434,Al_depleted,13.576,7,0.88,0.4422,0.123,0.3039,0.1309,0.15,212087,Youanmi,amphibolite,upper,52.5117,0.6118,8.3061,11.2154,13.8434,12.5161,0.9955
p0055_lower,55,3,13.0,13.8434,13.8434,Al_depleted,13.576,7,0.88,0.4422,0.123,0.3039,0.1309,0.15,212087,Youanmi,amphibolite,lower,47.8441,0.221,5.947,8.1821,27.9509,9.3697,0.4853
p0056_upper,56,3,13.0,12.6714,12.6714,Al_undepleted,20.472,0,0.876,0.3836,0.1084,0.3332,0.1748,0.15,204001,Kalgoorlie,basalt,upper,51.1986,0.5438,11.1324,10.6539,12.6714,11.9532,1.8468
p0056_lower,56,3,13.0,12.6714,12.6714,Al_undepleted,20.472,0,0.876,0.3836,0.1084,0.3332,0.1748,0.15,204001,Kalgoorlie,basalt,lower,47.9971,0.2215,7.664,7.6953,25.3022,10.4135,0.7065
p0057_upper,57,3,13.0,12.537,12.537,Al_undepleted,19.04,1,0.8783,0.3768,0.1067,0.3366,0.1799,0.15,182274,Kalgoorlie,metabasalt,upper,52.7868,0.6201,11.8071,10.326,12.537,8.573,3.3501
p0057_lower,57,3,13.0,12.537,12.537,Al_undepleted,19.04,1,0.8783,0.3768,0.1067,0.3366,0.1799,0.15,182274,Kalgoorlie,metabasalt,lower,48.291,0.2342,7.9136,7.5188,25.0643,10.0352,0.943
p0058_upper,58,3,13.0,12.241,12.241,Al_undepleted,20.12,2,0.8693,0.362,0.103,0.344,0.191,0.15,83213,MURCHISON,metakomatiite,upper,52.6269,0.5174,10.4095,10.9399,12.241,13.1929,0.0724
p0058_lower,58,3,13.0,12.241,12.241,Al_undepleted,20.12,2,0.8693,0.362,0.103,0.344,0.191,0.15,83213,MURCHISON,metakomatiite,lower,48.3139,0.2215,8.0302,7.731,24.2151,11.0141,0.4743
p0059_upper,59,3,13.0,12.7233,12.7233,Al_undepleted,20.825,3,0.8779,0.3862,0.109,0.3319,0.1729,0.15,204106,Kalgoorlie,Variolitic metabasalt,upper,53.1448,0.6054,12.6065,10.5119,12.7233,8.5176,1.8904
p0059_lower,59,3,13.0,12.7233,12.7233,Al_undepleted,20.825,3,0.8779,0.3862,0.109,0.3319,0.1729,0.15,204106,Kalgoorlie,Variolitic metabasalt,lower,48.2834,0.2303,7.8281,7.6409,25.4609,9.8475,0.7089
p0060_upper,60,3,13.0,12.7367,12.7367,Al_undepleted,22.071,4,0.8902,0.3868,0.1092,0.3316,0.1724,0.15,80685,MURCHISON,metabasalt,upper,55.9861,0.5979,13.1958,9.3375,12.7367,7.8043,0.3416
p0060_lower,60,3,13.0,12.7367,12.7367,Al_undepleted,22.071,4,0.8902,0.3868,0.1092,0.3316,0.1724,0.15,80685,MURCHISON,metabasalt,lower,48.7756,0.229,7.9018,7.0987,25.7923,9.7275,0.4752
p0061_upper,61,3,13.0,13.2994,13.2994,Al_undepleted,25.953,5,0.9042,0.415,0.1162,0.3175,0.1513,0.15,83210,MURCHISON,metabasalt,upper,53.1978,0.4457,11.5683,8.3759,13.2994,13.0403,0.0726
p0061_lower,61,3,13.0,13.2994,13.2994,Al_undepleted,25.953,5,0.9042,0.415,0.1162,0.3175,0.1513,0.15,83210,MURCHISON,metabasalt,lower,48.2686,0.201,7.0368,6.721,27.4106,9.9721,0.39
p0062_upper,62,3,13.0,12.3231,12.3231,Al_undepleted,24.9,6,0.8742,0.3662,0.104,0.3419,0.1879,0.15,204524,Kalgoorlie,amphibolite derived from volcanic rock,upper,50.2168,0.5135,12.7853,10.5339,12.3231,12.5285,1.0988
p0062_lower,62,3,13.0,12.3231,12.3231,Al_undepleted,24.9,6,0.8742,0.3662,0.104,0.3419,0.1879,0.15,204524,Kalgoorlie,amphibolite derived from volcanic rock,lower,47.9517,0.2201,8.2963,7.5684,24.5063,10.8352,0.6219
p0063_upper,63,3,13.0,12.6067,12.6067,Al_undepleted,21.176,7,0.8827,0.3803,0.1076,0.3348,0.1772,0.15,204604,Kalgoorlie,metabasalt,upper,53.2873,0.5403,11.4414,9.9518,12.6067,9.6405,2.5319
p0063_lower,63,3,13.0,12.6067,12.6067,Al_undepleted,21.176,7,0.8827,0.3803,0.1076,0.3348,0.1772,0.15,204604,Kalgoorlie,metabasalt,lower,48.3688,0.2216,7.7817,7.3611,25.3239,10.1284,0.8146
p0064_upper,64,4,15.0,14.3665,14.3665,Al_depleted,14.196,0,0.8949,0.4683,0.1296,0.2908,0.1113,0.15,180220,East Pilbara Terrane,Komatiitic basalt,upper,54.3395,0.6907,9.8051,10.0298,14.3665,7.646,3.1223
p0064_lower,64,4,15.0,14.3665,14.3665,Al_depleted,14.196,0,0.8949,0.4683,0.1296,0.2908,0.1113,0.15,180220,East Pilbara Terrane,Komatiitic basalt,lower,48.0549,0.228,5.5954,7.6892,29.5345,8.1349,0.763
p0065_upper,65,4,15.0,14.1369,14.1369,Al_depleted,4.592,1,0.856,0.4568,0.1267,0.2966,0.1199,0.15,99938,Kalgoorlie,Komatiitic basalt,upper,48.8945,1.7963,8.2483,14.1263,14.1369,12.2236,0.574
p0065_lower,65,4,15.0,14.1369,14.1369,Al_depleted,4.592,1,0.856,0.4568,0.1267,0.2966,0.1199,0.15,99938,Kalgoorlie,Komatiitic basalt,lower,47.0485,0.3961,5.6147,9.5982,27.9004,9.0433,0.3987
p0066_upper,66,4,15.0,14.6292,14.6292,Al_depleted,10.615,2,0.8805,0.4815,0.1329,0.2843,0.1014,0.15,81506,MURCHISON,amphibolite,upper,53.2103,0.6816,7.2359,11.7951,14.6292,12.3011,0.1468
p0066_lower,66,4,15.0,14.6292,14.6292,Al_depleted,10.615,2,0.8805,0.4815,0.1329,0.2843,0.1014,0.15,81506,MURCHISON,amphibolite,lower,47.7028,0.2242,4.92,8.5996,29.6769,8.5811,0.2953
p0067_upper,67,4,15.0,14.3665,14.3665,Al_depleted,14.196,3,0.8949,0.4683,0.1296,0.2908,0.1113,0.15,180220,East Pilbara Terrane,Komatiitic basalt,upper,54.3395,0.6907,9.8051,10.0298,14.3665,7.646,3.1223
p0067_lower,67,4,15.0,14.3665,14.3665,Al_depleted,14.196,3,0.8949,0.4683,0.1296,0.2908,0.1113,0.15,180220,East Pilbara Terrane,Komatiitic basalt,lower,48.0549,0.228,5.5954,7.6892,29.5345,8.1349,0.763
p0068_upper,68,4,15.0,14.4704,14.4704,Al_depleted,8.057,4,0.8724,0.4735,0.1309,0.2882,0.1074,0.15,165383,SOUTHERN CROSS,komatiitic basalt,upper,55.492,1.0085,8.1254,12.5788,14.4704,8.2701,0.0548
p0068_lower,68,4,15.0,14.4704,14.4704,Al_depleted,8.057,4,0.8724,0.4735,0.1309,0.2882,0.1074,0.15,165383,SOUTHERN CROSS,komatiitic basalt,lower,48.0394,0.2748,5.2285,8.9479,29.0867,8.1286,0.2941
p0069_upper,69,4,15.0,14.3665,14.3665,Al_depleted,14.196,5,0.8949,0.4683,0.1296,0.2908,0.1113,0.15,180220,East Pilbara Terrane,Komatiitic basalt,upper,54.3395,0.6907,9.8051,10.0298,14.3665,7.646,3.1223
p0069_lower,69,4,15.0,14.3665,14.3665,Al_depleted,14.196,5,0.8949,0.4683,0.1296,0.2908,0.1113,0.15,180220,East Pilbara Terrane,Komatiitic basalt,lower,48.0549,0.228,5.5954,7.6892,29.5345,8.1349,0.763
p0070_upper,70,4,15.0,14.4704,14.4704,Al_depleted,8.057,6,0.8724,0.4735,0.1309,0.2882,0.1074,0.15,165383,SOUTHERN CROSS,komatiitic basalt,upper,55.492,1.0085,8.1254,12.5788,14.4704,8.2701,0.0548
p0070_lower,70,4,15.0,14.4704,14.4704,Al_depleted,8.057,6,0.8724,0.4735,0.1309,0.2882,0.1074,0.15,165383,SOUTHERN CROSS,komatiitic basalt,lower,48.0394,0.2748,5.2285,8.9479,29.0867,8.1286,0.2941
p0071_upper,71,4,15.0,14.1058,14.1058,Al_depleted,12.863,7,0.8785,0.4553,0.1263,0.2974,0.121,0.15,83457,MURCHISON,metabasalt,upper,52.9151,0.7599,9.7752,11.5965,14.1058,10.7746,0.0729
p0071_lower,71,4,15.0,14.1058,14.1058,Al_depleted,12.863,7,0.8785,0.4553,0.1263,0.2974,0.121,0.15,83457,MURCHISON,metabasalt,lower,47.8108,0.2408,5.8783,8.4114,28.4772,8.8556,0.3259
p0072_upper,72,4,15.0,14.866,14.866,Al_undepleted,24.535,0,0.8969,0.4933,0.1358,0.2784,0.0925,0.15,81448,MURCHISON,komatiite,upper,52.0046,0.4518,11.0838,10.1528,14.866,11.3465,0.0946
p0072_lower,72,4,15.0,14.866,14.866,Al_undepleted,24.535,0,0.8969,0.4933,0.1358,0.2784,0.0925,0.15,81448,MURCHISON,komatiite,lower,47.5661,0.1875,5.2367,7.8205,30.7106,8.2099,0.2686
p0073_upper,73,4,15.0,15.7466,15.7466,Al_undepleted,23.167,1,0.8983,0.5373,0.1468,0.2563,0.0595,0.15,83434,MURCHISON,metabasalt,upper,52.2068,0.5073,11.7518,10.5933,15.7466,9.1626,0.0317
p0073_lower,73,4,15.0,15.7466,15.7466,Al_undepleted,23.167,1,0.8983,0.5373,0.1468,0.2563,0.0595,0.15,83434,MURCHISON,metabasalt,lower,47.3387,0.1878,4.3663,8.1607,32.7228,7.0346,0.1891
p0074_upper,74,4,15.0,14.8296,14.8296,Al_undepleted,21.7,2,0.9097,0.4915,0.1354,0.2793,0.0939,0.15,81787,MURCHISON,komatiite,upper,57.4297,0.5365,11.6426,8.7477,14.8296,6.5242,0.2897
p0074_lower,74,4,15.0,14.8296,14.8296,Al_undepleted,21.7,2,0.9097,0.4915,0.1354,0.2793,0.0939,0.15,81787,MURCHISON,komatiite,lower,48.4858,0.2006,5.3608,7.0943,31.0368,7.5208,0.3008
p0075_upper,75,4,15.0,14.239,14.239,Al_undepleted,26.163,3,0.8896,0.4619,0.128,0.294,0.116,0.15,204691,Kalgoorlie,Ultramafic,upper,48.7451,0.4469,11.6926,10.5023,14.239,13.1477,1.2264
p0075_lower,75,4,15.0,14.239,14.239,Al_undepleted,26.163,3,0.8896,0.4619,0.128,0.294,0.116,0.15,204691,Kalgoorlie,Ultramafic,lower,47.2178,0.1926,6.0194,7.9039,29.0941,9.0838,0.4885
p0076_upper,76,4,15.0,14.866,14.866,Al_undepleted,24.535,4,0.8969,0.4933,0.1358,0.2784,0.0925,0.15,81448,MURCHISON,komatiite,upper,52.0046,0.4518,11.0838,10.1528,14.866,11.3465,0.0946
p0076_lower,76,4,15.0,14.866,14.866,Al_undepleted,24.535,4,0.8969,0.4933,0.1358,0.2784,0.0925,0.15,81448,MURCHISON,komatiite,lower,47.5661,0.1875,5.2367,7.8205,30.7106,8.2099,0.2686
p0077_upper,77,4,15.0,15.362,15.362,Al_undepleted,16.944,5,0.8976,0.5181,0.142,0.2659,0.0739,0.15,83415,MURCHISON,komatiite,upper,55.9152,0.5757,9.7545,10.4078,15.362,7.8462,0.1386
p0077_lower,77,4,15.0,15.362,15.362,Al_undepleted,16.944,5,0.8976,0.5181,0.142,0.2659,0.0739,0.15,83415,MURCHISON,komatiite,lower,48.0075,0.2016,4.4903,8.0161,31.8417,7.207,0.2358
p0078_upper,78,4,15.0,14.389,14.389,Al_undepleted,17.705,6,0.8832,0.4695,0.1299,0.2903,0.1104,0.15,81657,MURCHISON,komatiite,upper,51.0442,0.6407,11.3432,11.3028,14.389,11.1856,0.0945
p0078_lower,78,4,15.0,14.389,14.389,Al_undepleted,17.705,6,0.8832,0.4695,0.1299,0.2903,0.1104,0.15,81657,MURCHISON,komatiite,lower,47.4725,0.2203,5.8015,8.3194,29.2349,8.6448,0.3066
p0079_upper,79,4,15.0,14.866,14.866,Al_undepleted,24.535,7,0.8969,0.4933,0.1358,0.2784,0.0925,0.15,81448,MURCHISON,komatiite,upper,52.0046,0.4518,11.0838,10.1528,14.866,11.3465,0.0946
p0079_lower,79,4,15.0,14.866,14.866,Al_undepleted,24.535,7,0.8969,0.4933,0.1358,0.2784,0.0925,0.15,81448,MURCHISON,komatiite,lower,47.5661,0.1875,5.2367,7.8205,30.7106,8.2099,0.2686
p0080_upper,80,5,17.0,17.4815,17.4815,Al_depleted,10.2,0,0.8925,0.6241,0.15,0.1944,0.0315,0.15,83459,MURCHISON,metabasalt,upper,51.0503,0.845,8.6193,12.5079,17.4815,9.3798,0.1162
p0080_lower,80,5,17.0,17.4815,17.4815,Al_depleted,10.2,0,0.8925,0.6241,0.15,0.1944,0.0315,0.15,83459,MURCHISON,metabasalt,lower,46.3858,0.2146,2.9386,9.2003,35.5786,5.5509,0.1312
p0081_upper,81,5,17.0,16.0548,16.0548,Al_depleted,10.482,1,0.8741,0.5527,0.15,0.2479,0.0493,0.15,83472,MURCHISON,metabasalt,upper,50.6069,0.8738,9.1591,13.7357,16.0548,9.496,0.0737
p0081_lower,81,5,17.0,16.0548,16.0548,Al_depleted,10.482,1,0.8741,0.5527,0.15,0.2479,0.0493,0.15,83472,MURCHISON,metabasalt,lower,46.8005,0.2397,3.6726,9.7911,32.5289,6.7938,0.1734
p0082_upper,82,5,17.0,17.5501,17.5501,Al_depleted,6.977,2,0.8706,0.6275,0.15,0.1919,0.0306,0.15,207666,MURCHISON,komatiite,upper,49.0338,0.936,6.5308,15.5044,17.5501,10.3599,0.0851
p0082_lower,82,5,17.0,17.5501,17.5501,Al_depleted,6.977,2,0.8706,0.6275,0.15,0.1919,0.0306,0.15,207666,MURCHISON,komatiite,lower,45.8504,0.2272,2.5938,10.7484,34.8169,5.6392,0.1242
p0083_upper,83,5,17.0,17.4815,17.4815,Al_depleted,10.2,3,0.8925,0.6241,0.15,0.1944,0.0315,0.15,83459,MURCHISON,metabasalt,upper,51.0503,0.845,8.6193,12.5079,17.4815,9.3798,0.1162
p0083_lower,83,5,17.0,17.4815,17.4815,Al_depleted,10.2,3,0.8925,0.6241,0.15,0.1944,0.0315,0.15,83459,MURCHISON,metabasalt,lower,46.3858,0.2146,2.9386,9.2003,35.5786,5.5509,0.1312
p0084_upper,84,5,17.0,16.0548,16.0548,Al_depleted,10.482,4,0.8741,0.5527,0.15,0.2479,0.0493,0.15,83472,MURCHISON,metabasalt,upper,50.6069,0.8738,9.1591,13.7357,16.0548,9.496,0.0737
p0084_lower,84,5,17.0,16.0548,16.0548,Al_depleted,10.482,4,0.8741,0.5527,0.15,0.2479,0.0493,0.15,83472,MURCHISON,metabasalt,lower,46.8005,0.2397,3.6726,9.7911,32.5289,6.7938,0.1734
p0085_upper,85,5,17.0,17.4815,17.4815,Al_depleted,10.2,5,0.8925,0.6241,0.15,0.1944,0.0315,0.15,83459,MURCHISON,metabasalt,upper,51.0503,0.845,8.6193,12.5079,17.4815,9.3798,0.1162
p0085_lower,85,5,17.0,17.4815,17.4815,Al_depleted,10.2,5,0.8925,0.6241,0.15,0.1944,0.0315,0.15,83459,MURCHISON,metabasalt,lower,46.3858,0.2146,2.9386,9.2003,35.5786,5.5509,0.1312
p0086_upper,86,5,17.0,17.5501,17.5501,Al_depleted,6.977,6,0.8706,0.6275,0.15,0.1919,0.0306,0.15,207666,MURCHISON,komatiite,upper,49.0338,0.936,6.5308,15.5044,17.5501,10.3599,0.0851
p0086_lower,86,5,17.0,17.5501,17.5501,Al_depleted,6.977,6,0.8706,0.6275,0.15,0.1919,0.0306,0.15,207666,MURCHISON,komatiite,lower,45.8504,0.2272,2.5938,10.7484,34.8169,5.6392,0.1242
p0087_upper,87,5,17.0,17.4815,17.4815,Al_depleted,10.2,7,0.8925,0.6241,0.15,0.1944,0.0315,0.15,83459,MURCHISON,metabasalt,upper,51.0503,0.845,8.6193,12.5079,17.4815,9.3798,0.1162
p0087_lower,87,5,17.0,17.4815,17.4815,Al_depleted,10.2,7,0.8925,0.6241,0.15,0.1944,0.0315,0.15,83459,MURCHISON,metabasalt,lower,46.3858,0.2146,2.9386,9.2003,35.5786,5.5509,0.1312
p0088_upper,88,5,17.0,16.447,16.447,Al_undepleted,18.5,0,0.8946,0.5724,0.15,0.2332,0.0444,0.15,211009,Kalgoorlie,basalt,upper,49.3624,0.4708,8.7104,11.5157,16.447,12.9479,0.5457
p0088_lower,88,5,17.0,16.447,16.447,Al_undepleted,18.5,0,0.8946,0.5724,0.15,0.2332,0.0444,0.15,211009,Kalgoorlie,basalt,lower,46.6073,0.1735,3.4257,8.6745,33.9131,6.9751,0.2309
p0089_upper,89,5,17.0,16.0878,16.0878,Al_undepleted,26.023,1,0.9027,0.5544,0.15,0.2467,0.0489,0.15,204561,Kalgoorlie,meta-ultramafic rock,upper,49.0885,0.4538,11.808,10.3001,16.0878,10.519,1.7428
p0089_lower,89,5,17.0,16.0878,16.0878,Al_undepleted,26.023,1,0.9027,0.5544,0.15,0.2467,0.0489,0.15,204561,Kalgoorlie,meta-ultramafic rock,lower,46.7917,0.1762,4.0552,8.0374,33.5976,6.919,0.4229
p0090_upper,90,5,17.0,16.8195,16.8195,Al_undepleted,19.83,2,0.8958,0.591,0.15,0.2193,0.0398,0.15,91976,Kalgoorlie,Komatiitic basalt,upper,49.2352,0.4791,9.5005,11.6212,16.8195,9.3272,3.0173
p0090_lower,90,5,17.0,16.8195,16.8195,Al_undepleted,19.83,2,0.8958,0.591,0.15,0.2193,0.0398,0.15,91976,Kalgoorlie,Komatiitic basalt,lower,46.435,0.1693,3.3739,8.7311,34.59,6.1116,0.5893
p0091_upper,91,5,17.0,17.4442,17.4442,Al_undepleted,16.276,3,0.8973,0.6222,0.15,0.1958,0.0319,0.15,207511,SOUTHERN CROSS,komatiitic basalt,upper,49.075,0.6095,9.9201,11.8668,17.4442,10.9814,0.103
p0091_lower,91,5,17.0,17.4442,17.4442,Al_undepleted,16.276,3,0.8973,0.6222,0.15,0.1958,0.0319,0.15,207511,SOUTHERN CROSS,komatiitic basalt,lower,46.1496,0.1798,3.151,8.8598,35.706,5.8234,0.1305
p0092_upper,92,5,17.0,17.2404,17.2404,Al_undepleted,22.209,4,0.8918,0.612,0.15,0.2035,0.0345,0.15,91863,Kalgoorlie,Komatiitic basalt,upper,50.4674,0.4493,9.9785,12.4291,17.2404,9.1949,0.2403
p0092_lower,92,5,17.0,17.2404,17.2404,Al_undepleted,22.209,4,0.8918,0.612,0.15,0.2035,0.0345,0.15,91863,Kalgoorlie,Komatiitic basalt,lower,46.3983,0.1587,3.253,9.1576,35.1442,5.7302,0.158
p0093_upper,93,5,17.0,17.2941,17.2941,Al_undepleted,24.634,5,0.8869,0.6147,0.15,0.2015,0.0338,0.15,91968,Kalgoorlie,Komatiitic basalt,upper,49.3668,0.4297,10.5861,13.0997,17.2941,8.8252,0.3983
p0093_lower,93,5,17.0,17.2941,17.2941,Al_undepleted,24.634,5,0.8869,0.6147,0.15,0.2015,0.0338,0.15,91968,Kalgoorlie,Komatiitic basalt,lower,46.1651,0.155,3.3196,9.5089,35.0429,5.6286,0.1799
p0094_upper,94,5,17.0,16.447,16.447,Al_undepleted,18.5,6,0.8946,0.5724,0.15,0.2332,0.0444,0.15,211009,Kalgoorlie,basalt,upper,49.3624,0.4708,8.7104,11.5157,16.447,12.9479,0.5457
p0094_lower,94,5,17.0,16.447,16.447,Al_undepleted,18.5,6,0.8946,0.5724,0.15,0.2332,0.0444,0.15,211009,Kalgoorlie,basalt,lower,46.6073,0.1735,3.4257,8.6745,33.9131,6.9751,0.2309
p0095_upper,95,5,17.0,17.4442,17.4442,Al_undepleted,16.276,7,0.8973,0.6222,0.15,0.1958,0.0319,0.15,207511,SOUTHERN CROSS,komatiitic basalt,upper,49.075,0.6095,9.9201,11.8668,17.4442,10.9814,0.103
p0095_lower,95,5,17.0,17.4442,17.4442,Al_undepleted,16.276,7,0.8973,0.6222,0.15,0.1958,0.0319,0.15,207511,SOUTHERN CROSS,komatiitic basalt,lower,46.1496,0.1798,3.151,8.8598,35.706,5.8234,0.1305
